YEAR_Q,TRDAR_CD,상권_코드_명,서비스_업종_코드_명,당월_매출_금액,주중_매출_금액,주말_매출_금액,시간대_14~17_매출_금액,시간대_17~21_매출_금액,연령대_20_매출_금액,연령대_30_매출_금액,연령대_40_매출_금액,남성_매출_금액,여성_매출_금액,상권_변화_지표_명,운영_영업_개월_평균,폐업_영업_개월_평균,총_상주인구_수,남성_상주인구_수,여성_상주인구_수,연령대_20_상주인구_수,연령대_30_상주인구_수,연령대_40_상주인구_수,총_가구_수,아파트_가구_수,비_아파트_가구_수,총_직장_인구_수,연령대_20_직장_인구_수,연령대_30_직장_인구_수,연령대_40_직장_인구_수,총_유동인구_수,연령대_20_유동인구_수,연령대_30_유동인구_수,연령대_40_유동인구_수,시간대_14_17_유동인구_수,시간대_17_21_유동인구_수,시간대_21_24_유동인구_수,lon,lat,업종_기준,업종_이름,경쟁_점포_수
20243,3110162,군자역 4번,한식음식점,256537986,173664381,82873605,28200374,121134299,27174837,56093314,40251742,152606626,81006378,다이나믹,79,45,3566,1667,1899,548,654,540,1689,0,1689,159,19,32,41,362091,55244,63524,59873,33861,52343,52302,127.0827892,37.55806645,중분류,한식,45
20243,3110162,군자역 4번,커피-음료,43842968,25681362,18161606,16021047,13331394,17345322,12341125,6255961,15977223,27069303,다이나믹,79,45,3566,1667,1899,548,654,540,1689,0,1689,159,19,32,41,362091,55244,63524,59873,33861,52343,52302,127.0827892,37.55806645,소분류,카페,29
20243,3110161,중곡역 3번,커피-음료,39806528,28353751,11452777,8166218,11611040,5790057,12451531,9214557,19228387,20458457,다이나믹,107,45,4609,2269,2340,676,849,591,2471,0,2471,217,16,56,68,596789,81384,107004,86216,69613,102585,79540,127.08369453,37.56810291,소분류,카페,16
20243,3110161,중곡역 3번,한식음식점,695487323,532913235,162574088,49643180,273882767,54442486,133595226,156898652,364719097,260687727,다이나믹,107,45,4609,2269,2340,676,849,591,2471,0,2471,217,16,56,68,596789,81384,107004,86216,69613,102585,79540,127.08369453,37.56810291,중분류,한식,46
20243,3110159,구의역 4번,한식음식점,1536310725,1132373103,403937622,131851718,723986416,140966910,279036506,295967038,775110974,489709704,상권축소,107,50,8475,4089,4386,1528,1521,1102,4831,0,4831,1833,117,259,500,3465696,606251,601596,533942,405906,591121,461804,127.08085155,37.534966185,중분류,한식,78
20243,3110159,구의역 4번,커피-음료,129653653,81141543,48512110,31570837,32039879,22426146,38257778,26487374,59998809,67637087,상권축소,107,50,8475,4089,4386,1528,1521,1102,4831,0,4831,1833,117,259,500,3465696,606251,601596,533942,405906,591121,461804,127.08085155,37.534966185,소분류,카페,20
20243,3110159,구의역 4번,중식음식점,65289612,50959914,14329698,1548267,37179249,7900131,19666706,16988029,34132158,29971548,상권축소,107,50,8475,4089,4386,1528,1521,1102,4831,0,4831,1833,117,259,500,3465696,606251,601596,533942,405906,591121,461804,127.08085155,37.534966185,중분류,중식,9
20243,3110165,국립정신건강센터,중식음식점,67031162,46538472,20492690,14203108,22403867,5353613,10573408,13655789,45252575,19385011,다이나믹,101,48,3952,1888,2064,602,675,490,1915,0,1915,235,29,47,64,739174,103100,126996,113089,66284,98906,104514,127.08573649,37.562145862,중분류,중식,6
20243,3110165,국립정신건강센터,한식음식점,998989244,631410388,367578856,134856420,508681750,39419343,142415525,182352453,593187970,322824213,다이나믹,101,48,3952,1888,2064,602,675,490,1915,0,1915,235,29,47,64,739174,103100,126996,113089,66284,98906,104514,127.08573649,37.562145862,중분류,한식,54
20243,3110165,국립정신건강센터,커피-음료,109826916,82372623,27454293,25185644,24734810,24872196,25924947,23168652,46027397,57482957,다이나믹,101,48,3952,1888,2064,602,675,490,1915,0,1915,235,29,47,64,739174,103100,126996,113089,66284,98906,104514,127.08573649,37.562145862,소분류,카페,16
20243,3110147,능동우편취급국,한식음식점,1882586124,1263652377,618933747,175886453,730930890,170815773,374510481,416603855,1048975604,578870717,다이나믹,102,50,6012,3054,2958,1248,1088,793,3522,0,3522,103,9,21,25,938274,245146,171199,134879,95562,139463,125520,127.07377843,37.556180331,중분류,한식,58
20243,3110147,능동우편취급국,중식음식점,33074869,22618643,10456226,4683549,9132613,1419257,3430901,4584818,13668066,7941670,다이나믹,102,50,6012,3054,2958,1248,1088,793,3522,0,3522,103,9,21,25,938274,245146,171199,134879,95562,139463,125520,127.07377843,37.556180331,중분류,중식,7
20243,3110147,능동우편취급국,커피-음료,38999763,29612922,9386841,11487821,8100521,9096398,13982049,5737955,21835488,15178561,다이나믹,102,50,6012,3054,2958,1248,1088,793,3522,0,3522,103,9,21,25,938274,245146,171199,134879,95562,139463,125520,127.07377843,37.556180331,소분류,카페,17
20244,3110159,구의역 4번,한식음식점,1549371053,1137984183,411386870,119409118,699668657,152922694,276429111,283436832,785743422,459366925,상권축소,110,51,8475,4089,4386,1528,1521,1102,4831,0,4831,2715,188,382,736,3558946,645231,616102,544294,413526,606757,473469,127.08085155,37.534966185,중분류,한식,78
20244,3110159,구의역 4번,커피-음료,106743055,67003819,39739236,28287554,23647729,22554579,31888815,19339021,44958961,56456175,상권축소,110,51,8475,4089,4386,1528,1521,1102,4831,0,4831,2715,188,382,736,3558946,645231,616102,544294,413526,606757,473469,127.08085155,37.534966185,소분류,카페,20
20244,3110159,구의역 4번,중식음식점,83661273,68486069,15175204,1998471,50971996,11479825,15861594,14912992,51141537,19419867,상권축소,110,51,8475,4089,4386,1528,1521,1102,4831,0,4831,2715,188,382,736,3558946,645231,616102,544294,413526,606757,473469,127.08085155,37.534966185,중분류,중식,9
20244,3110178,장로회신학대학교,한식음식점,212970263,138116574,74853689,46499662,71784418,16612530,33737405,35966357,108591656,77753057,다이나믹,89,52,1055,521,534,141,148,143,511,0,511,293,93,78,57,360734,50132,49105,62270,41710,53305,42300,127.10341885,37.548013069,중분류,한식,33
20244,3110178,장로회신학대학교,커피-음료,46112693,39290462,6822231,10269238,7123803,3428280,8996086,11118686,15591202,28634001,다이나믹,89,52,1055,521,534,141,148,143,511,0,511,293,93,78,57,360734,50132,49105,62270,41710,53305,42300,127.10341885,37.548013069,소분류,카페,20
20244,3110158,중곡3동주민센터,커피-음료,67971121,46341377,21629744,18338528,12799605,11743345,23101721,10618094,31997079,33120003,상권축소,113,49,6201,3109,3092,945,965,816,3564,0,3564,268,14,69,86,3090011,418880,548521,434014,286916,462590,439950,127.08097859,37.568726491,소분류,카페,10
20244,3110158,중곡3동주민센터,한식음식점,1030285597,727771178,302514419,89620752,496033191,75708923,189019206,167192778,577385655,315899423,상권축소,113,49,6201,3109,3092,945,965,816,3564,0,3564,268,14,69,86,3090011,418880,548521,434014,286916,462590,439950,127.08097859,37.568726491,중분류,한식,47
20244,3110158,중곡3동주민센터,중식음식점,82958617,53710264,29248353,17359440,26499816,12693244,10370530,8271555,50688862,27198686,상권축소,113,49,6201,3109,3092,945,965,816,3564,0,3564,268,14,69,86,3090011,418880,548521,434014,286916,462590,439950,127.08097859,37.568726491,중분류,중식,3
20244,3110152,중곡어린이공원,커피-음료,911938,60796,851142,0,851142,0,0,0,911938,0,상권축소,113,50,1998,1005,993,266,335,289,1031,0,1031,256,66,49,54,217454,27295,39955,35602,18180,26825,29741,127.0780655,37.564881202,소분류,카페,16
20244,3110152,중곡어린이공원,한식음식점,1078192573,751113283,327079290,93742034,300527400,83513949,203863424,204514603,636735803,351633665,상권축소,113,50,1998,1005,993,266,335,289,1031,0,1031,256,66,49,54,217454,27295,39955,35602,18180,26825,29741,127.0780655,37.564881202,중분류,한식,51
20244,3110139,자양4동주민센터,한식음식점,771298481,558338188,212960293,202013835,250261375,40906641,73613036,108607729,329757506,236756975,상권축소,123,49,4940,2475,2465,807,935,574,3063,0,3063,104,0,2,25,1994504,284430,341768,306266,213661,326107,273661,127.06347301,37.535120964,중분류,한식,45
20244,3110139,자양4동주민센터,중식음식점,34416062,22647009,11769053,3936065,10049900,3411890,8891346,8189301,24842941,8422655,상권축소,123,49,4940,2475,2465,807,935,574,3063,0,3063,104,0,2,25,1994504,284430,341768,306266,213661,326107,273661,127.06347301,37.535120964,중분류,중식,2
20244,3110157,자양동우체국,한식음식점,791797618,523083823,268713795,70542626,323042811,36706542,104678251,159052826,401629882,242949150,상권축소,109,50,5379,2675,2704,742,830,871,2587,0,2587,613,83,138,168,1398949,158245,235341,257687,138430,211124,194609,127.08072174,37.529992748,중분류,한식,39
20244,3110157,자양동우체국,커피-음료,129820736,84649656,45171080,42870710,21703950,15831636,35816756,30451309,44892964,78215514,상권축소,109,50,5379,2675,2704,742,830,871,2587,0,2587,613,83,138,168,1398949,158245,235341,257687,138430,211124,194609,127.08072174,37.529992748,소분류,카페,19
20244,3110166,구의1동주민센터,커피-음료,146042924,108455100,37587824,39626187,33140880,31058817,40607041,32828254,60869907,79782890,다이나믹,108,46,5804,2802,3002,1254,1269,772,3525,0,3525,439,60,114,126,1768511,377517,367206,261347,191556,270669,235612,127.0855199,37.540990587,소분류,카페,21
20244,3110166,구의1동주민센터,한식음식점,2867674690,2049955573,817719117,166528652,1143631401,455652916,616764931,516486045,1657427402,864378364,다이나믹,108,46,5804,2802,3002,1254,1269,772,3525,0,3525,439,60,114,126,1768511,377517,367206,261347,191556,270669,235612,127.0855199,37.540990587,중분류,한식,65
20244,3110162,군자역 4번,한식음식점,214287954,145875416,68412538,20824223,104194726,29003869,50780703,31326759,106653681,84626335,다이나믹,80,45,3566,1667,1899,548,654,540,1689,0,1689,181,21,36,49,371032,56558,68125,60571,33914,54542,53927,127.0827892,37.55806645,중분류,한식,45
20244,3110162,군자역 4번,커피-음료,43987644,28022046,15965598,16014547,12254559,15042638,14877539,5838634,13827211,29569208,다이나믹,80,45,3566,1667,1899,548,654,540,1689,0,1689,181,21,36,49,371032,56558,68125,60571,33914,54542,53927,127.0827892,37.55806645,소분류,카페,29
20242,3110147,능동우편취급국,중식음식점,37656719,27993426,9663293,4751427,11344804,734311,5041450,3359938,14886893,8552569,다이나믹,100,50,6012,3054,2958,1248,1088,793,3522,0,3522,103,9,21,25,986451,278166,175292,134834,97585,143781,131229,127.07377843,37.556180331,중분류,중식,7
20242,3110147,능동우편취급국,커피-음료,49096017,34444678,14651339,13386741,10464510,13412601,15666312,7801308,26481573,21644502,다이나믹,100,50,6012,3054,2958,1248,1088,793,3522,0,3522,103,9,21,25,986451,278166,175292,134834,97585,143781,131229,127.07377843,37.556180331,소분류,카페,17
20242,3110147,능동우편취급국,한식음식점,1992842833,1301365824,691477009,234500432,808775305,169188255,468446933,408314134,1101953693,658756912,다이나믹,100,50,6012,3054,2958,1248,1088,793,3522,0,3522,103,9,21,25,986451,278166,175292,134834,97585,143781,131229,127.07377843,37.556180331,중분류,한식,58
20242,3110158,중곡3동주민센터,한식음식점,1090373220,793041147,297332073,89609062,451792762,75124958,190858926,188646142,653782503,321453723,상권축소,109,48,6201,3109,3092,945,965,816,3564,0,3564,359,26,90,112,3056913,405280,548523,454386,285520,466201,433962,127.08097859,37.568726491,중분류,한식,47
20242,3110158,중곡3동주민센터,커피-음료,104490921,78052343,26438578,25993367,19768878,17244126,25665880,18331782,42117303,51368860,상권축소,109,48,6201,3109,3092,945,965,816,3564,0,3564,359,26,90,112,3056913,405280,548523,454386,285520,466201,433962,127.08097859,37.568726491,소분류,카페,10
20242,3110159,구의역 4번,중식음식점,103294604,75919942,27374662,988255,57801934,16532426,29828699,18395320,62857361,36264611,상권축소,105,50,8475,4089,4386,1528,1521,1102,4831,0,4831,1833,117,259,500,3528149,626965,619223,538844,407484,601629,470940,127.08085155,37.534966185,중분류,중식,9
20242,3110159,구의역 4번,커피-음료,122275183,77459334,44815849,34576018,28518801,22249354,38090794,23004995,56877799,63016279,상권축소,105,50,8475,4089,4386,1528,1521,1102,4831,0,4831,1833,117,259,500,3528149,626965,619223,538844,407484,601629,470940,127.08085155,37.534966185,소분류,카페,20
20242,3110159,구의역 4번,한식음식점,1618843048,1159840374,459002674,153231348,700930297,163339838,312954366,305321832,857699250,527765576,상권축소,105,50,8475,4089,4386,1528,1521,1102,4831,0,4831,1833,117,259,500,3528149,626965,619223,538844,407484,601629,470940,127.08085155,37.534966185,중분류,한식,78
20242,3110161,중곡역 3번,한식음식점,765205002,551185544,214019458,90507614,307805881,68698860,160602751,137066922,372158090,313196425,다이나믹,104,45,4609,2269,2340,676,849,591,2471,0,2471,217,16,56,68,583528,80186,106260,85395,66295,98918,78783,127.08369453,37.56810291,중분류,한식,46
20242,3110161,중곡역 3번,커피-음료,38535505,28585985,9949520,8210825,9456605,6722763,11012784,9190881,16003892,21547559,다이나믹,104,45,4609,2269,2340,676,849,591,2471,0,2471,217,16,56,68,583528,80186,106260,85395,66295,98918,78783,127.08369453,37.56810291,소분류,카페,16
20242,3110151,자양한강도서관,한식음식점,1745309081,1064609042,680700039,128806619,896527613,153290576,385886005,335494547,960798113,653874298,상권확장,104,52,4293,2084,2209,634,714,642,2279,0,2279,586,80,132,156,1359049,173921,236512,244839,133347,208587,187857,127.07707997,37.531139453,중분류,한식,64
20242,3110151,자양한강도서관,커피-음료,197809268,127182788,70626480,53533471,50052486,31644977,53771676,48182429,103006201,92488380,상권확장,104,52,4293,2084,2209,634,714,642,2279,0,2279,586,80,132,156,1359049,173921,236512,244839,133347,208587,187857,127.07707997,37.531139453,소분류,카페,25
20242,3110170,동대부여고,중식음식점,85027427,62996423,22031004,9610303,31352254,5700930,11828286,17062724,47244456,20376819,다이나믹,99,44,6050,2945,3105,1204,1223,793,3480,0,3480,313,40,84,93,2228494,417476,416281,350490,190397,286696,301476,127.08864379,37.541763142,중분류,중식,3
20242,3110170,동대부여고,커피-음료,117566756,74439043,43127713,29012219,23114836,20014001,41560880,25829529,62781499,54785257,다이나믹,99,44,6050,2945,3105,1204,1223,793,3480,0,3480,313,40,84,93,2228494,417476,416281,350490,190397,286696,301476,127.08864379,37.541763142,소분류,카페,15
20242,3110170,동대부여고,한식음식점,907223935,649442155,257781780,60949892,469932763,134180398,252897766,156659385,515605205,319165339,다이나믹,99,44,6050,2945,3105,1204,1223,793,3480,0,3480,313,40,84,93,2228494,417476,416281,350490,190397,286696,301476,127.08864379,37.541763142,중분류,한식,41
20241,3110176,해오름공원,한식음식점,621291233,398756630,222534603,105766335,282736464,27582174,74107084,88387776,366716903,193235209,상권축소,110,47,5677,2812,2865,795,799,681,2891,0,2891,872,151,214,228,1192332,145608,169595,167889,123856,187655,163200,127.09214866,37.557816248,중분류,한식,27
20241,3110176,해오름공원,커피-음료,109318298,68508038,40810260,24330727,29803989,9251446,26761465,21923938,67497324,41820974,상권축소,110,47,5677,2812,2865,795,799,681,2891,0,2891,872,151,214,228,1192332,145608,169595,167889,123856,187655,163200,127.09214866,37.557816248,소분류,카페,13
20241,3110151,자양한강도서관,한식음식점,1483408343,941796222,541612121,130312796,777312374,108477345,296906811,299882488,857479056,505726937,상권확장,102,52,4293,2084,2209,634,714,642,2279,0,2279,586,80,132,156,1412738,181221,240069,248975,139728,211081,192495,127.07707997,37.531139453,중분류,한식,64
20241,3110151,자양한강도서관,커피-음료,152260270,97651719,54608551,43502551,40686866,23306785,42635705,33974921,81397735,70862535,상권확장,102,52,4293,2084,2209,634,714,642,2279,0,2279,586,80,132,156,1412738,181221,240069,248975,139728,211081,192495,127.07707997,37.531139453,소분류,카페,25
20241,3110140,건대입구역 6번,중식음식점,3571526176,2134885732,1436640444,380463440,1707819366,938622083,1142206189,520820548,1931357109,1295140275,다이나믹,86,46,5105,2554,2551,896,812,630,3146,0,3146,150,0,10,40,2725868,572906,458148,397965,309790,478156,360259,127.06570497,37.538597604,중분류,중식,80
20241,3110140,건대입구역 6번,한식음식점,978679593,646385034,332294559,60094675,519269056,147606904,195715307,128870604,540704807,297778351,다이나믹,86,46,5105,2554,2551,896,812,630,3146,0,3146,150,0,10,40,2725868,572906,458148,397965,309790,478156,360259,127.06570497,37.538597604,중분류,한식,73
20241,3110140,건대입구역 6번,커피-음료,61522751,33915660,27607091,26211272,18453998,6306895,12504728,6975866,41191420,19695753,다이나믹,86,46,5105,2554,2551,896,812,630,3146,0,3146,150,0,10,40,2725868,572906,458148,397965,309790,478156,360259,127.06570497,37.538597604,소분류,카페,40
20241,3110167,용마초등학교,커피-음료,28786982,17268558,11518424,7221601,5242643,5550088,4465257,4051717,14543623,13741920,상권축소,111,49,6587,3066,3521,993,1093,1011,3235,0,3235,445,54,90,122,1710638,238393,278210,265738,159728,237507,232844,127.08601463,37.557956025,소분류,카페,22
20241,3110167,용마초등학교,한식음식점,984648745,715720715,268928030,85207916,458858998,35841522,200739564,188579565,623652073,248614581,상권축소,111,49,6587,3066,3521,993,1093,1011,3235,0,3235,445,54,90,122,1710638,238393,278210,265738,159728,237507,232844,127.08601463,37.557956025,중분류,한식,61
20241,3110166,구의1동주민센터,커피-음료,110278130,75122857,35155273,27788340,27066953,22951391,33597085,22623017,48460110,58489238,다이나믹,101,46,5804,2802,3002,1254,1269,772,3525,0,3525,438,59,118,125,1854172,414863,371135,272117,188878,285473,246649,127.0855199,37.540990587,소분류,카페,21
20241,3110166,구의1동주민센터,한식음식점,2692078668,1886035734,806042934,176749963,1082346583,351356700,626672622,502643954,1579230420,791942095,다이나믹,101,46,5804,2802,3002,1254,1269,772,3525,0,3525,438,59,118,125,1854172,414863,371135,272117,188878,285473,246649,127.0855199,37.540990587,중분류,한식,65
20241,3110179,광나루역 1번,한식음식점,2340597462,1658781999,681815463,328043228,890147500,233307803,301096832,369265701,1276110854,784161143,상권확장,96,56,998,501,497,113,139,184,533,0,533,908,285,241,175,391185,54639,54374,71064,45101,55147,46931,127.10322387,37.546130153,중분류,한식,29
20241,3110179,광나루역 1번,커피-음료,1318822416,1131346384,187476032,297050817,96779196,223312240,170075603,223435547,556026199,642106411,상권확장,96,56,998,501,497,113,139,184,533,0,533,908,285,241,175,391185,54639,54374,71064,45101,55147,46931,127.10322387,37.546130153,소분류,카페,24
20241,3110154,광진정말공원,커피-음료,105690024,75296049,30393975,30292634,24791229,13913355,22926303,32881124,50912117,52029802,정체,110,52,4109,1972,2137,596,621,607,2155,0,2155,890,54,127,247,1686476,245085,275184,272915,178208,266810,233195,127.0789714,37.533075355,소분류,카페,22
20241,3110154,광진정말공원,중식음식점,98160948,61507753,36653195,20817343,42398826,5762818,15858048,26711564,65052256,31966714,정체,110,52,4109,1972,2137,596,621,607,2155,0,2155,890,54,127,247,1686476,245085,275184,272915,178208,266810,233195,127.0789714,37.533075355,중분류,중식,6
20241,3110154,광진정말공원,한식음식점,1563913732,1021920434,541993298,181100690,626837871,194189483,339719986,275095289,917191253,553233090,정체,110,52,4109,1972,2137,596,621,607,2155,0,2155,890,54,127,247,1686476,245085,275184,272915,178208,266810,233195,127.0789714,37.533075355,중분류,한식,98
20241,3110161,중곡역 3번,한식음식점,705891072,505460211,200430861,73062439,296258584,64594114,160610525,137647501,408329034,253423012,다이나믹,102,45,4609,2269,2340,676,849,591,2471,0,2471,217,16,56,68,702162,87442,120181,102305,81646,119640,93622,127.08369453,37.56810291,중분류,한식,46
20241,3110161,중곡역 3번,커피-음료,38349455,28767060,9582395,6985792,10067989,5613127,11182603,9232335,18128741,18465879,다이나믹,102,45,4609,2269,2340,676,849,591,2471,0,2471,217,16,56,68,702162,87442,120181,102305,81646,119640,93622,127.08369453,37.56810291,소분류,카페,16
20241,3110146,신자초등학교,커피-음료,29789633,20336449,9453184,15071479,5217658,3500253,7124636,11649334,7822004,21097059,정체,110,56,3483,1769,1714,503,535,468,1780,0,1780,686,76,183,196,1423670,167361,223960,235864,147568,225052,194418,127.07324502,37.531520314,소분류,카페,16
20241,3110146,신자초등학교,한식음식점,1126344186,777908477,348435709,116080322,540221614,56192248,164783189,211726547,658541603,312114827,정체,110,56,3483,1769,1714,503,535,468,1780,0,1780,686,76,183,196,1423670,167361,223960,235864,147568,225052,194418,127.07324502,37.531520314,중분류,한식,32
20241,3110146,신자초등학교,중식음식점,85699538,58190951,27508587,10172127,25158643,3447833,12337410,18285484,40365632,37914547,정체,110,56,3483,1769,1714,503,535,468,1780,0,1780,686,76,183,196,1423670,167361,223960,235864,147568,225052,194418,127.07324502,37.531520314,중분류,중식,4
20243,3110157,자양동우체국,커피-음료,129607149,83549010,46058139,34101225,25041350,13839029,31190793,29626685,48995795,71053257,상권축소,107,50,5379,2675,2704,742,830,871,2587,0,2587,390,54,88,104,1387901,162117,232171,254808,139259,207972,191757,127.08072174,37.529992748,소분류,카페,19
20243,3110157,자양동우체국,한식음식점,665318783,451826082,213492701,59929533,281051986,53273428,99333579,128298071,373314796,198278252,상권축소,107,50,5379,2675,2704,742,830,871,2587,0,2587,390,54,88,104,1387901,162117,232171,254808,139259,207972,191757,127.08072174,37.529992748,중분류,한식,39
20243,3110142,화양사거리,한식음식점,1736251063,1268175005,468076058,146990788,741500466,335851485,376262733,219473323,907351242,517529290,다이나믹,97,44,6384,3019,3365,3103,1377,519,5167,0,5167,54,4,4,16,1867061,778476,337204,205761,178829,260028,246582,127.06821256,37.546299728,중분류,한식,93
20243,3110142,화양사거리,커피-음료,43745434,27931071,15814363,10879523,13550924,17401245,13653352,4519551,18056145,24154345,다이나믹,97,44,6384,3019,3365,3103,1377,519,5167,0,5167,54,4,4,16,1867061,778476,337204,205761,178829,260028,246582,127.06821256,37.546299728,소분류,카페,38
20243,3110142,화양사거리,중식음식점,126413707,110632573,15781134,11115772,44279029,26865617,28617754,16315808,62088548,37487585,다이나믹,97,44,6384,3019,3365,3103,1377,519,5167,0,5167,54,4,4,16,1867061,778476,337204,205761,178829,260028,246582,127.06821256,37.546299728,중분류,중식,6
20243,3110166,구의1동주민센터,한식음식점,2290920791,1644048981,646871810,143944351,891696724,325106071,477863976,414320673,1313230072,696451908,다이나믹,106,46,5804,2802,3002,1254,1269,772,3525,0,3525,438,59,118,125,1771217,379090,374537,265686,193306,274437,236411,127.0855199,37.540990587,중분류,한식,65
20243,3110166,구의1동주민센터,커피-음료,139421312,95357182,44064130,32985389,34075214,29032730,37337614,32252167,65729084,72384285,다이나믹,106,46,5804,2802,3002,1254,1269,772,3525,0,3525,438,59,118,125,1771217,379090,374537,265686,193306,274437,236411,127.0855199,37.540990587,소분류,카페,21
20243,3110170,동대부여고,중식음식점,102123921,79723730,22400191,9447173,33120916,6639638,17171476,20278941,59771047,27201908,다이나믹,100,44,6050,2945,3105,1204,1223,793,3480,0,3480,313,40,84,93,2206729,405247,412616,348820,197784,293529,299858,127.08864379,37.541763142,중분류,중식,3
20243,3110170,동대부여고,한식음식점,818719776,584000864,234718912,82235428,388893167,141315476,210598598,146125654,460412308,265701927,다이나믹,100,44,6050,2945,3105,1204,1223,793,3480,0,3480,313,40,84,93,2206729,405247,412616,348820,197784,293529,299858,127.08864379,37.541763142,중분류,한식,41
20243,3110170,동대부여고,커피-음료,105650966,66529993,39120973,24924927,18372574,13354191,37218709,26393882,54572324,51078642,다이나믹,100,44,6050,2945,3105,1204,1223,793,3480,0,3480,313,40,84,93,2206729,405247,412616,348820,197784,293529,299858,127.08864379,37.541763142,소분류,카페,15
20243,3110156,군자역 5번,커피-음료,25730086,19103628,6626458,8145275,7479771,7797582,10584778,4646082,6720128,18140313,상권확장,88,52,5971,2753,3218,1193,1287,881,3496,0,3496,242,32,60,65,888496,188562,200396,135936,78720,120785,126094,127.08046442,37.55374327,소분류,카페,24
20243,3110156,군자역 5번,한식음식점,1300534438,885749423,414785015,166397426,590262215,92892059,233704789,190035069,686047206,353874482,상권확장,88,52,5971,2753,3218,1193,1287,881,3496,0,3496,242,32,60,65,888496,188562,200396,135936,78720,120785,126094,127.08046442,37.55374327,중분류,한식,56
20243,3110154,광진정말공원,한식음식점,1629191831,1064950276,564241555,191244097,603879854,192987709,334178040,273068675,980460624,567696803,정체,113,53,4109,1972,2137,596,621,607,2155,0,2155,890,54,127,247,1722031,244550,286816,281430,181976,271390,235660,127.0789714,37.533075355,중분류,한식,98
20243,3110154,광진정말공원,커피-음료,99909032,67921813,31987219,27552788,25594603,11880056,20272060,27610565,49523476,49596326,정체,113,53,4109,1972,2137,596,621,607,2155,0,2155,890,54,127,247,1722031,244550,286816,281430,181976,271390,235660,127.0789714,37.533075355,소분류,카페,22
20243,3110158,중곡3동주민센터,커피-음료,88053909,62912718,25141191,23289867,14300220,15125174,24137705,16636453,40281963,46675092,상권축소,110,48,6201,3109,3092,945,965,816,3564,0,3564,359,26,90,112,3124642,418255,548128,445287,296032,471287,444623,127.08097859,37.568726491,소분류,카페,10
20243,3110158,중곡3동주민센터,한식음식점,1074558496,761541977,313016519,101724163,455401707,60971936,173369741,151325469,596825446,303525889,상권축소,110,48,6201,3109,3092,945,965,816,3564,0,3564,359,26,90,112,3124642,418255,548128,445287,296032,471287,444623,127.08097859,37.568726491,중분류,한식,47
20243,3110158,중곡3동주민센터,중식음식점,83967152,56404639,27562513,12823237,21242294,5328346,12775844,7589677,52779062,21062877,상권축소,110,48,6201,3109,3092,945,965,816,3564,0,3564,359,26,90,112,3124642,418255,548128,445287,296032,471287,444623,127.08097859,37.568726491,중분류,중식,3
20243,3110139,자양4동주민센터,중식음식점,40255579,26255627,13999952,5402856,7848802,1480563,4214574,10704833,23787465,12529726,상권축소,122,49,4940,2475,2465,807,935,574,3063,0,3063,60,0,1,15,2008858,280979,342032,312367,215050,330259,276129,127.06347301,37.535120964,중분류,중식,2
20243,3110139,자양4동주민센터,한식음식점,666943310,488361499,178581811,150495266,179750194,20835326,68185777,78840114,266204829,182644667,상권축소,122,49,4940,2475,2465,807,935,574,3063,0,3063,60,0,1,15,2008858,280979,342032,312367,215050,330259,276129,127.06347301,37.535120964,중분류,한식,45
20243,3110151,자양한강도서관,커피-음료,197583363,133139309,64444054,48057164,63888536,26338728,53616844,54938185,105371335,91547877,상권확장,106,52,4293,2084,2209,634,714,642,2279,0,2279,586,80,132,156,1364666,170833,234799,250210,136385,207471,185991,127.07707997,37.531139453,소분류,카페,25
20243,3110151,자양한강도서관,한식음식점,1640703716,1037571954,603131762,112444976,901084195,125060835,335407283,358826894,948781531,570981144,상권확장,106,52,4293,2084,2209,634,714,642,2279,0,2279,586,80,132,156,1364666,170833,234799,250210,136385,207471,185991,127.07707997,37.531139453,중분류,한식,64
20243,3110140,건대입구역 6번,한식음식점,1290273439,861227016,429046423,103435599,697262439,146767023,272402168,212584623,777869291,379317707,다이나믹,90,46,5105,2554,2551,896,812,630,3146,0,3146,150,0,10,40,2220872,503044,373001,328418,248887,380256,297680,127.06570497,37.538597604,중분류,한식,73
20243,3110140,건대입구역 6번,중식음식점,3259262810,2028102476,1231160334,345813192,1470742836,853252188,1015566867,450980871,1810255989,1168473267,다이나믹,90,46,5105,2554,2551,896,812,630,3146,0,3146,150,0,10,40,2220872,503044,373001,328418,248887,380256,297680,127.06570497,37.538597604,중분류,중식,80
20243,3110140,건대입구역 6번,커피-음료,55574300,29688740,25885560,21363137,18043180,9015549,11390980,8339776,30620053,24888172,다이나믹,90,46,5105,2554,2551,896,812,630,3146,0,3146,150,0,10,40,2220872,503044,373001,328418,248887,380256,297680,127.06570497,37.538597604,소분류,카페,40
20243,3110180,광진정보도서관,커피-음료,254107316,169971496,84135820,78959215,37428911,55029856,54945305,36930635,100012866,131142628,정체,107,54,1207,586,621,152,180,186,591,0,591,3745,1164,986,728,252370,33082,39501,45142,35353,45035,28161,127.10877284,37.548999357,소분류,카페,16
20243,3110180,광진정보도서관,한식음식점,1664025392,1222859912,441165480,155034805,809190478,80600140,177098245,335175734,782535880,471380010,정체,107,54,1207,586,621,152,180,186,591,0,591,3745,1164,986,728,252370,33082,39501,45142,35353,45035,28161,127.10877284,37.548999357,중분류,한식,30
20243,3110141,건대입구역 1번,커피-음료,30439940,22651277,7788663,7469613,8038260,6161153,8353471,2924385,17796192,9737124,다이나믹,100,45,2945,1489,1456,1132,596,300,2173,0,2173,67,7,10,17,1748788,733631,311426,198783,194863,319255,251433,127.06643316,37.543147246,소분류,카페,34
20243,3110141,건대입구역 1번,한식음식점,1348392418,956004977,392387441,85172419,456489485,334777826,330058466,148254190,672452067,444560123,다이나믹,100,45,2945,1489,1456,1132,596,300,2173,0,2173,67,7,10,17,1748788,733631,311426,198783,194863,319255,251433,127.06643316,37.543147246,중분류,한식,95
20243,3110163,성자초등학교,한식음식점,752696162,502843787,249852375,61543142,353499058,52385974,119530600,166442192,419818752,253863642,상권축소,115,46,2799,1303,1496,384,457,445,1281,0,1281,578,82,128,156,541238,60233,85743,85217,60345,84635,70521,127.08436547,37.530692983,중분류,한식,41
20243,3110163,성자초등학교,커피-음료,112404544,78969283,33435261,26806426,23412599,14283280,30842902,27140766,57005914,55318894,상권축소,115,46,2799,1303,1496,384,457,445,1281,0,1281,578,82,128,156,541238,60233,85743,85217,60345,84635,70521,127.08436547,37.530692983,소분류,카페,18
20243,3110160,광진경찰서,한식음식점,51169511,29512085,21657426,0,35609551,5789957,17659807,9427350,27280448,22228514,상권확장,94,58,1720,793,927,297,334,287,951,0,951,312,44,78,88,474502,81873,84832,78994,47058,66771,61249,127.08339573,37.543758174,중분류,한식,36
20243,3110172,광진초등학교,한식음식점,311757047,249708245,62048802,30433508,68895005,12651091,20590957,40798592,122370397,70266057,상권확장,88,59,3784,1841,1943,504,561,595,1804,0,1804,503,71,87,132,937056,120026,145848,161031,104624,153173,131533,127.08953275,37.547087376,중분류,한식,36
20243,3110176,해오름공원,커피-음료,113489516,72505941,40983575,26346570,31208173,12324246,25328806,25870102,66607323,46882193,상권축소,112,48,5677,2812,2865,795,799,681,2891,0,2891,872,151,214,228,1340029,169734,194070,188576,137212,209606,186064,127.09214866,37.557816248,소분류,카페,13
20243,3110176,해오름공원,한식음식점,572026053,384788081,187237972,92362327,276444505,17447551,62452580,89099153,339754724,178382094,상권축소,112,48,5677,2812,2865,795,799,681,2891,0,2891,872,151,214,228,1340029,169734,194070,188576,137212,209606,186064,127.09214866,37.557816248,중분류,한식,27
20243,3110177,동의초등학교,한식음식점,127994425,71936957,56057468,10756342,66639006,10830232,50185643,22418072,79254594,42416000,다이나믹,96,50,1457,722,735,185,163,240,648,0,648,38,6,6,10,115374,13804,16454,18907,11085,17255,15533,127.09516365,37.552443912,중분류,한식,37
20243,3110173,구남초등학교,한식음식점,323448637,213057561,110391076,13586352,187222876,22063446,39793880,58459753,168050843,91296337,다이나믹,98,52,1266,562,704,359,272,107,738,0,738,465,55,98,112,322813,45242,59547,48391,35046,45742,40228,127.0908992,37.535463438,중분류,한식,16
20243,3110173,구남초등학교,커피-음료,248977227,174762324,74214903,61051616,54247737,34441142,62486501,33080885,83418128,138325435,다이나믹,98,52,1266,562,704,359,272,107,738,0,738,465,55,98,112,322813,45242,59547,48391,35046,45742,40228,127.0908992,37.535463438,소분류,카페,15
20243,3110174,아차산역 1번,한식음식점,1200474151,673699066,526775085,164240666,566495376,114184681,194538172,190431551,748531880,431727121,다이나믹,104,52,4553,2161,2392,637,602,645,2065,0,2065,638,107,150,166,712300,85930,102925,111328,72505,110949,99190,127.0910366,37.555411448,중분류,한식,69
20243,3110174,아차산역 1번,커피-음료,104442507,56766106,47676401,39165570,20698126,9694917,22334487,15508762,34274413,68886768,다이나믹,104,52,4553,2161,2392,637,602,645,2065,0,2065,638,107,150,166,712300,85930,102925,111328,72505,110949,99190,127.0910366,37.555411448,소분류,카페,29
20243,3110174,아차산역 1번,중식음식점,13016949,7593220,5423729,2343221,4203389,0,2202221,3081403,10095841,2921108,다이나믹,104,52,4553,2161,2392,637,602,645,2065,0,2065,638,107,150,166,712300,85930,102925,111328,72505,110949,99190,127.0910366,37.555411448,중분류,중식,4
20243,3110168,대원고등학교,한식음식점,470614665,290146409,180468256,58809846,224713077,48613748,81837030,96605898,246744431,188962090,다이나믹,76,49,2486,1195,1291,398,394,318,1131,0,1131,435,77,109,112,421398,50004,60657,59611,56907,75708,50594,127.08772982,37.563261633,중분류,한식,13
20243,3110146,신자초등학교,커피-음료,30840134,19051940,11788194,9051926,8072432,4296559,8666037,7618262,11403440,16358152,정체,112,57,3483,1769,1714,503,535,468,1780,0,1780,686,76,183,196,1441247,163055,227058,238970,148367,227727,200305,127.07324502,37.531520314,소분류,카페,16
20243,3110146,신자초등학교,중식음식점,65174410,42159464,23014946,8805922,23041750,2522088,9519221,15370012,36957256,16384305,정체,112,57,3483,1769,1714,503,535,468,1780,0,1780,686,76,183,196,1441247,163055,227058,238970,148367,227727,200305,127.07324502,37.531520314,중분류,중식,4
20243,3110146,신자초등학교,한식음식점,1099580093,735648227,363931866,111891246,531355226,68636304,163407642,189688497,678040845,317320703,정체,112,57,3483,1769,1714,503,535,468,1780,0,1780,686,76,183,196,1441247,163055,227058,238970,148367,227727,200305,127.07324502,37.531520314,중분류,한식,32
20243,3110179,광나루역 1번,한식음식점,2226005195,1651219579,574785616,281648592,846299563,223839857,288612905,426704984,1151799709,745294749,상권확장,96,56,998,501,497,113,139,184,533,0,533,908,285,241,175,384882,50229,49514,68083,42885,52283,45966,127.10322387,37.546130153,중분류,한식,29
20243,3110179,광나루역 1번,커피-음료,1439651141,1279786989,159864152,321601697,118296628,228342024,214390678,241497538,620014062,670076583,상권확장,96,56,998,501,497,113,139,184,533,0,533,908,285,241,175,384882,50229,49514,68083,42885,52283,45966,127.10322387,37.546130153,소분류,카페,24
20243,3110148,어린이대공원역 3번,커피-음료,91341948,76033944,15308004,18089743,9172501,37390232,15164035,12492824,43717584,35989651,상권확장,78,56,1588,808,780,628,283,133,1155,0,1155,17,1,2,6,721218,286159,126733,83462,81766,113409,93227,127.07551037,37.545331218,소분류,카페,33
20243,3110148,어린이대공원역 3번,중식음식점,214796492,183734133,31062359,24400951,76964186,69200742,26373300,10198691,113676111,44884017,상권확장,78,56,1588,808,780,628,283,133,1155,0,1155,17,1,2,6,721218,286159,126733,83462,81766,113409,93227,127.07551037,37.545331218,중분류,중식,9
20243,3110148,어린이대공원역 3번,한식음식점,795721742,666606615,129115127,71336725,326120089,203750608,99694655,46506710,315141073,168419609,상권확장,78,56,1588,808,780,628,283,133,1155,0,1155,17,1,2,6,721218,286159,126733,83462,81766,113409,93227,127.07551037,37.545331218,중분류,한식,58
20243,3110144,어린이대공원역 4번,커피-음료,9926951,5074386,4852565,1738930,5001655,5026252,1643365,205111,3411585,6515366,다이나믹,84,41,1994,995,999,993,359,135,1673,0,1673,28,3,4,7,370386,184847,66878,33893,36238,56465,49877,127.07191275,37.546171393,소분류,카페,58
20243,3110144,어린이대공원역 4번,한식음식점,283951140,197095481,86855659,9649053,124564200,63402762,72747840,32931349,137115193,94468983,다이나믹,84,41,1994,995,999,993,359,135,1673,0,1673,28,3,4,7,370386,184847,66878,33893,36238,56465,49877,127.07191275,37.546171393,중분류,한식,92
20243,3110167,용마초등학교,커피-음료,34604551,22376331,12228220,8055894,9763383,3389181,6103865,3540653,17812475,16792076,상권축소,115,50,6587,3066,3521,993,1093,1011,3235,0,3235,445,54,90,122,1566787,223727,249305,244352,146130,217740,217860,127.08601463,37.557956025,소분류,카페,22
20243,3110167,용마초등학교,한식음식점,981847315,759018766,222828549,85234716,431472312,42745146,167685936,186534807,589559601,259164253,상권축소,115,50,6587,3066,3521,993,1093,1011,3235,0,3235,445,54,90,122,1566787,223727,249305,244352,146130,217740,217860,127.08601463,37.557956025,중분류,한식,61
20243,3110175,푸른동산공원,한식음식점,215149793,174273191,40876602,27770581,71374642,8989146,32690635,31881766,152255914,42336407,다이나믹,87,48,4797,2216,2581,816,874,726,2501,0,2501,355,42,77,88,980551,160227,170560,172424,118359,165845,123462,127.09116637,37.541166562,중분류,한식,63
20243,3110175,푸른동산공원,커피-음료,3377795,2952935,424860,1882554,291473,39522,922505,299707,2001120,1244936,다이나믹,87,48,4797,2216,2581,816,874,726,2501,0,2501,355,42,77,88,980551,160227,170560,172424,118359,165845,123462,127.09116637,37.541166562,소분류,카페,23
20243,3110155,광진구청,커피-음료,82821398,65967315,16854083,20250043,12197587,20376711,20874501,11678458,33146672,33206055,다이나믹,95,50,4025,2020,2005,801,645,577,2147,0,2147,1004,69,141,273,946714,270276,174303,137301,126591,144173,111259,127.07928229,37.53819283,소분류,카페,10
20243,3110155,광진구청,한식음식점,581852900,466766240,115086660,51082239,213227370,73211527,86932673,76059074,306625846,128890280,다이나믹,95,50,4025,2020,2005,801,645,577,2147,0,2147,1004,69,141,273,946714,270276,174303,137301,126591,144173,111259,127.07928229,37.53819283,중분류,한식,38
20243,3110150,중곡1동 마을마당,커피-음료,69762817,57014541,12748276,19722911,8047373,12418246,23399161,12793896,30299243,30995062,상권축소,110,47,5501,2676,2825,901,1096,713,3123,0,3123,1148,307,222,231,1772128,333782,376398,275591,169815,259600,245456,127.07673766,37.561422247,소분류,카페,13
20243,3110150,중곡1동 마을마당,한식음식점,779023495,559566839,219456656,43666976,360991307,81844134,197658252,91686513,444146710,208070085,상권축소,110,47,5501,2676,2825,901,1096,713,3123,0,3123,1148,307,222,231,1772128,333782,376398,275591,169815,259600,245456,127.07673766,37.561422247,중분류,한식,40
20243,3110178,장로회신학대학교,한식음식점,352790113,210910489,141879624,69344030,119118450,29862379,69770370,69638705,191685230,117733747,다이나믹,87,51,1055,521,534,141,148,143,511,0,511,299,93,81,59,342495,46455,44983,60104,39348,51268,40849,127.10341885,37.548013069,중분류,한식,33
20243,3110178,장로회신학대학교,커피-음료,38669063,30791209,7877854,10693380,5193991,2809469,8541267,11492248,13925545,24176670,다이나믹,87,51,1055,521,534,141,148,143,511,0,511,299,93,81,59,342495,46455,44983,60104,39348,51268,40849,127.10341885,37.548013069,소분류,카페,20
20243,3110169,성동초등학교,커피-음료,179788636,128315844,51472792,40842000,48878683,28241680,46739004,39368063,81095521,96372149,상권축소,127,50,2412,1183,1229,426,609,291,1355,0,1355,687,87,148,174,590418,97259,107549,88541,71311,94748,73544,127.08810116,37.532573347,소분류,카페,6
20243,3110169,성동초등학교,한식음식점,269116223,219516355,49599868,25662310,103094242,11985548,32677785,38953348,142355268,67195201,상권축소,127,50,2412,1183,1229,426,609,291,1355,0,1355,687,87,148,174,590418,97259,107549,88541,71311,94748,73544,127.08810116,37.532573347,중분류,한식,14
20243,3110152,중곡어린이공원,커피-음료,6049189,2127855,3921334,425571,4073324,0,0,273581,5957995,0,상권축소,112,49,1998,1005,993,266,335,289,1031,0,1031,193,51,37,39,232905,29161,41563,37774,19258,28032,31326,127.0780655,37.564881202,소분류,카페,16
20243,3110152,중곡어린이공원,한식음식점,1054602187,753202497,301399690,114230074,323686505,70192584,154092339,207163296,621785449,344044403,상권축소,112,49,1998,1005,993,266,335,289,1031,0,1031,193,51,37,39,232905,29161,41563,37774,19258,28032,31326,127.0780655,37.564881202,중분류,한식,51
20243,3110145,장안초등학교,커피-음료,22882399,14621382,8261017,8303238,7795662,11904887,5066290,1673831,6945474,15459020,다이나믹,59,40,546,266,280,134,87,68,334,0,334,7,0,2,2,230704,85685,39546,24916,24588,26578,27114,127.07277545,37.54893693,소분류,카페,37
20243,3110143,뚝섬유원지역 1번,한식음식점,396302661,250402002,145900659,43050186,209222067,18597611,54019866,55415374,180579189,140226134,상권확장,104,57,100,49,51,12,13,8,46,0,46,42,5,12,11,179859,22299,27111,30029,22409,31856,23328,127.06858592,37.533874724,중분류,한식,45
20244,3110170,동대부여고,커피-음료,95071471,61642022,33429449,24928220,14683000,15403222,34745777,24850113,49525087,45546384,다이나믹,104,44,6050,2945,3105,1204,1223,793,3480,0,3480,389,56,101,111,2181942,395897,418856,340363,194048,289735,296726,127.08864379,37.541763142,소분류,카페,15
20244,3110170,동대부여고,중식음식점,115326496,89340329,25986167,12953017,36051514,5629383,20210828,19850227,67950394,32637253,다이나믹,104,44,6050,2945,3105,1204,1223,793,3480,0,3480,389,56,101,111,2181942,395897,418856,340363,194048,289735,296726,127.08864379,37.541763142,중분류,중식,3
20244,3110170,동대부여고,한식음식점,1059278902,755159925,304118977,86767956,483349024,164641035,282064972,184497305,613295164,350139816,다이나믹,104,44,6050,2945,3105,1204,1223,793,3480,0,3480,389,56,101,111,2181942,395897,418856,340363,194048,289735,296726,127.08864379,37.541763142,중분류,한식,41
20244,3110175,푸른동산공원,커피-음료,6952541,5908507,1044034,1966209,2083127,326690,858648,389147,1536933,5415608,다이나믹,87,48,4797,2216,2581,816,874,726,2501,0,2501,874,101,188,210,985614,156154,174985,175617,119442,169824,124589,127.09116637,37.541166562,소분류,카페,23
20244,3110175,푸른동산공원,한식음식점,240428941,194749747,45679194,18568694,78148293,29746763,43105247,33401208,145793025,63135152,다이나믹,87,48,4797,2216,2581,816,874,726,2501,0,2501,874,101,188,210,985614,156154,174985,175617,119442,169824,124589,127.09116637,37.541166562,중분류,한식,63
20244,3110156,군자역 5번,커피-음료,29632470,18845594,10786876,12060724,6365155,8574145,14481215,4128130,7896932,21143526,상권확장,89,53,5971,2753,3218,1193,1287,881,3496,0,3496,332,48,81,90,938656,208413,210773,139429,83330,125012,131646,127.08046442,37.55374327,소분류,카페,24
20244,3110156,군자역 5번,한식음식점,1198520844,855247366,343273478,138395862,612686561,59636589,209405157,152634937,627068601,289718330,상권확장,89,53,5971,2753,3218,1193,1287,881,3496,0,3496,332,48,81,90,938656,208413,210773,139429,83330,125012,131646,127.08046442,37.55374327,중분류,한식,56
20244,3110165,국립정신건강센터,커피-음료,96233617,70566271,25667346,24470370,15887090,26938881,19555340,22488174,43237090,49102989,다이나믹,106,47,3952,1888,2064,602,675,490,1915,0,1915,310,38,64,86,703884,98941,121723,107617,61576,94208,100791,127.08573649,37.562145862,소분류,카페,16
20244,3110165,국립정신건강센터,한식음식점,966757962,658072746,308685216,141904814,490737439,39381903,115577835,121292141,565206430,277917106,다이나믹,106,47,3952,1888,2064,602,675,490,1915,0,1915,310,38,64,86,703884,98941,121723,107617,61576,94208,100791,127.08573649,37.562145862,중분류,한식,54
20244,3110165,국립정신건강센터,중식음식점,67830248,45264354,22565894,10973624,20923533,4757691,11953147,10583285,42524630,18552052,다이나믹,106,47,3952,1888,2064,602,675,490,1915,0,1915,310,38,64,86,703884,98941,121723,107617,61576,94208,100791,127.08573649,37.562145862,중분류,중식,6
20244,3110142,화양사거리,커피-음료,58869708,41315033,17554675,15232851,18722510,23298838,17428660,5840534,25433427,30458986,다이나믹,98,44,6384,3019,3365,3103,1377,519,5167,0,5167,89,6,8,26,1921263,841710,332328,205876,180434,264265,252453,127.06821256,37.546299728,소분류,카페,38
20244,3110142,화양사거리,한식음식점,2220684045,1656200766,564483279,155875073,1032860616,451938331,444284744,307319836,1146841772,592632279,다이나믹,98,44,6384,3019,3365,3103,1377,519,5167,0,5167,89,6,8,26,1921263,841710,332328,205876,180434,264265,252453,127.06821256,37.546299728,중분류,한식,93
20244,3110142,화양사거리,중식음식점,132513988,114372094,18141894,10535893,43415773,25578364,29192871,20615063,67383535,35690507,다이나믹,98,44,6384,3019,3365,3103,1377,519,5167,0,5167,89,6,8,26,1921263,841710,332328,205876,180434,264265,252453,127.06821256,37.546299728,중분류,중식,6
20244,3110143,뚝섬유원지역 1번,한식음식점,281078828,160849041,120229787,15547855,158100632,23516067,46894727,35292438,146167576,97319206,상권확장,107,57,100,49,51,12,13,8,46,0,46,60,7,16,17,187764,23953,27695,31916,23093,33779,24719,127.06858592,37.533874724,중분류,한식,45
20244,3110140,건대입구역 6번,커피-음료,70320821,46287020,24033801,14901589,30947084,12337569,14318457,10089111,30315814,40005007,다이나믹,92,46,5105,2554,2551,896,812,630,3146,0,3146,194,0,9,51,2236020,545370,370532,324513,244062,382374,303861,127.06570497,37.538597604,소분류,카페,40
20244,3110140,건대입구역 6번,중식음식점,3229674674,2029674167,1200000507,358293240,1560782175,1049250233,898770169,430485773,1723079538,1199935178,다이나믹,92,46,5105,2554,2551,896,812,630,3146,0,3146,194,0,9,51,2236020,545370,370532,324513,244062,382374,303861,127.06570497,37.538597604,중분류,중식,80
20244,3110140,건대입구역 6번,한식음식점,1584040005,1071410363,512629642,148240108,840394274,215966830,336046267,237179046,935264100,477449071,다이나믹,92,46,5105,2554,2551,896,812,630,3146,0,3146,194,0,9,51,2236020,545370,370532,324513,244062,382374,303861,127.06570497,37.538597604,중분류,한식,73
20244,3110154,광진정말공원,커피-음료,99007908,69588558,29419350,28359516,22931579,12362734,27540215,26983002,44453498,54236686,정체,117,53,4109,1972,2137,596,621,607,2155,0,2155,1449,98,204,396,1725742,243448,284773,283894,181695,273961,237004,127.0789714,37.533075355,소분류,카페,22
20244,3110154,광진정말공원,한식음식점,1590221910,1025730576,564491334,194919667,639721355,218187654,343160938,285815393,958416571,542882849,정체,117,53,4109,1972,2137,596,621,607,2155,0,2155,1449,98,204,396,1725742,243448,284773,283894,181695,273961,237004,127.0789714,37.533075355,중분류,한식,98
20244,3110169,성동초등학교,한식음식점,260969643,209948220,51021423,29284227,78407350,13918991,29478501,48173682,126078214,80771549,상권축소,125,50,2412,1183,1229,426,609,291,1355,0,1355,603,79,133,153,597813,96474,108533,91290,73026,94376,73105,127.08810116,37.532573347,중분류,한식,14
20244,3110169,성동초등학교,커피-음료,151684087,113300143,38383944,38929473,30106114,27487719,45068650,34212492,70987585,77813972,상권축소,125,50,2412,1183,1229,426,609,291,1355,0,1355,603,79,133,153,597813,96474,108533,91290,73026,94376,73105,127.08810116,37.532573347,소분류,카페,6
20244,3110151,자양한강도서관,한식음식점,1718904831,1080737462,638167369,144518587,930452870,142864946,333737108,346141001,956752035,593550128,다이나믹,106,52,4293,2084,2209,634,714,642,2279,0,2279,720,100,161,193,1349794,168990,233024,255778,132869,204055,183697,127.07707997,37.531139453,중분류,한식,64
20244,3110151,자양한강도서관,커피-음료,163505069,107216639,56288430,43914500,44794443,25415050,43754002,35930324,76665646,84187705,다이나믹,106,52,4293,2084,2209,634,714,642,2279,0,2279,720,100,161,193,1349794,168990,233024,255778,132869,204055,183697,127.07707997,37.531139453,소분류,카페,25
20244,3110180,광진정보도서관,한식음식점,1833565383,1310219220,523346163,167725975,871717694,91160066,192236248,347167861,856875191,462895894,정체,109,54,1207,586,621,152,180,186,591,0,591,7034,2192,1858,1362,266844,35106,42264,47302,37637,48753,29874,127.10877284,37.548999357,중분류,한식,30
20244,3110180,광진정보도서관,커피-음료,290457129,202838840,87618289,82269670,37722202,55370659,74037386,41900604,116141954,155045610,정체,109,54,1207,586,621,152,180,186,591,0,591,7034,2192,1858,1362,266844,35106,42264,47302,37637,48753,29874,127.10877284,37.548999357,소분류,카페,16
20244,3110147,능동우편취급국,한식음식점,2004690695,1398026641,606664054,286700039,748304052,180621191,394987447,360570279,1100857445,571303180,다이나믹,103,50,6012,3054,2958,1248,1088,793,3522,0,3522,225,21,46,55,931189,266243,167291,127327,94786,141122,126050,127.07377843,37.556180331,중분류,한식,58
20244,3110147,능동우편취급국,커피-음료,36285151,27534865,8750286,10902023,7562359,10079483,11164048,4996589,21394105,13474113,다이나믹,103,50,6012,3054,2958,1248,1088,793,3522,0,3522,225,21,46,55,931189,266243,167291,127327,94786,141122,126050,127.07377843,37.556180331,소분류,카페,17
20244,3110167,용마초등학교,한식음식점,1033881654,788485060,245396594,85710039,442028881,49697485,172632818,198497880,595343289,284659602,상권축소,119,49,6587,3066,3521,993,1093,1011,3235,0,3235,499,57,101,138,1576625,220730,258579,246371,144047,218831,219388,127.08601463,37.557956025,중분류,한식,61
20244,3110167,용마초등학교,커피-음료,47741358,39465867,8275491,4466275,6052728,2192835,27799663,4550918,11035923,35487281,상권축소,119,49,6587,3066,3521,993,1093,1011,3235,0,3235,499,57,101,138,1576625,220730,258579,246371,144047,218831,219388,127.08601463,37.557956025,소분류,카페,22
20244,3110160,광진경찰서,한식음식점,53471436,42365966,11105470,0,40766918,4551135,14848296,10481667,26349135,18854699,상권확장,96,58,1720,793,927,297,334,287,951,0,951,330,42,86,97,472323,83514,82746,78585,47379,65962,60909,127.08339573,37.543758174,중분류,한식,36
20244,3110174,아차산역 1번,중식음식점,13525423,7411017,6114406,2631357,1889831,493623,2594976,553506,9334612,4190811,다이나믹,106,52,4553,2161,2392,637,602,645,2065,0,2065,683,113,158,179,694905,81250,102600,110820,70251,108661,96709,127.0910366,37.555411448,중분류,중식,4
20244,3110174,아차산역 1번,한식음식점,1405527442,816121695,589405747,224858708,620454007,114354352,265867298,250360447,884784463,481606961,다이나믹,106,52,4553,2161,2392,637,602,645,2065,0,2065,683,113,158,179,694905,81250,102600,110820,70251,108661,96709,127.0910366,37.555411448,중분류,한식,69
20244,3110174,아차산역 1번,커피-음료,80646324,48190220,32456104,33737939,14664336,11924946,15667038,12055523,21329314,57142847,다이나믹,106,52,4553,2161,2392,637,602,645,2065,0,2065,683,113,158,179,694905,81250,102600,110820,70251,108661,96709,127.0910366,37.555411448,소분류,카페,29
20244,3110163,성자초등학교,한식음식점,699383719,457890017,241493702,83460121,298383809,35009741,111593031,134294907,383861615,208723486,상권축소,117,47,2799,1303,1496,384,457,445,1281,0,1281,740,101,168,197,556486,60240,88409,86137,62336,85977,72147,127.08436547,37.530692983,중분류,한식,41
20244,3110163,성자초등학교,커피-음료,88754127,64046221,24707906,21816832,16098979,11363154,22567116,23705022,41070175,43357201,상권축소,117,47,2799,1303,1496,384,457,445,1281,0,1281,740,101,168,197,556486,60240,88409,86137,62336,85977,72147,127.08436547,37.530692983,소분류,카페,18
20244,3110176,해오름공원,한식음식점,631518631,439403520,192115111,100225181,312136310,27546336,92879693,85434819,372088740,219298249,상권축소,115,48,5677,2812,2865,795,799,681,2891,0,2891,782,133,196,205,1352767,172132,196089,198869,135620,212524,189048,127.09214866,37.557816248,중분류,한식,27
20244,3110176,해오름공원,커피-음료,108411777,70667222,37744555,22576234,29272532,10446010,27771556,21551704,64250544,44161233,상권축소,115,48,5677,2812,2865,795,799,681,2891,0,2891,782,133,196,205,1352767,172132,196089,198869,135620,212524,189048,127.09214866,37.557816248,소분류,카페,13
20244,3110179,광나루역 1번,한식음식점,2567869869,1883894537,683975332,387950964,984963366,221098428,339406699,402733215,1330588627,817623805,상권확장,98,56,998,501,497,113,139,184,533,0,533,1004,314,267,194,404375,53709,54379,70494,45247,54041,47462,127.10322387,37.546130153,중분류,한식,29
20244,3110179,광나루역 1번,커피-음료,1411995523,1293515967,118479556,306758312,145302855,306428733,163437191,211349850,581241506,689266647,상권확장,98,56,998,501,497,113,139,184,533,0,533,1004,314,267,194,404375,53709,54379,70494,45247,54041,47462,127.10322387,37.546130153,소분류,카페,24
20244,3110172,광진초등학교,한식음식점,210491412,163056728,47434684,30791894,76434043,14041663,23852731,30069311,112324316,71296042,상권확장,90,58,3784,1841,1943,504,561,595,1804,0,1804,973,136,169,253,923229,112118,144302,162208,102897,151398,128284,127.08953275,37.547087376,중분류,한식,36
20244,3110148,어린이대공원역 3번,중식음식점,342767920,296600456,46167464,34518474,136437248,140146710,31044813,23826209,202827532,66706510,상권확장,80,55,1588,808,780,628,283,133,1155,0,1155,22,1,2,6,778053,333082,130011,85229,92831,123292,98453,127.07551037,37.545331218,중분류,중식,9
20244,3110148,어린이대공원역 3번,한식음식점,1202106364,1034923354,167183010,156946363,542302782,343062478,100665020,76147199,455764442,245307983,상권확장,80,55,1588,808,780,628,283,133,1155,0,1155,22,1,2,6,778053,333082,130011,85229,92831,123292,98453,127.07551037,37.545331218,중분류,한식,58
20244,3110148,어린이대공원역 3번,커피-음료,100110838,82657172,17453666,18506350,10547485,47786171,13904506,12257533,48096495,43083532,상권확장,80,55,1588,808,780,628,283,133,1155,0,1155,22,1,2,6,778053,333082,130011,85229,92831,123292,98453,127.07551037,37.545331218,소분류,카페,33
20244,3110146,신자초등학교,커피-음료,26589886,14893936,11695950,7530467,6264693,3758507,8259339,6507892,11472533,13856330,정체,115,58,3483,1769,1714,503,535,468,1780,0,1780,594,64,160,173,1386514,157248,224028,231583,142058,220934,192771,127.07324502,37.531520314,소분류,카페,16
20244,3110146,신자초등학교,한식음식점,1241557005,863521248,378035757,125219182,589514557,65819201,179955344,215961137,731701661,328002460,정체,115,58,3483,1769,1714,503,535,468,1780,0,1780,594,64,160,173,1386514,157248,224028,231583,142058,220934,192771,127.07324502,37.531520314,중분류,한식,32
20244,3110146,신자초등학교,중식음식점,96140382,55483158,40657224,27346717,38983557,3887665,9899143,17500726,43943703,42995457,정체,115,58,3483,1769,1714,503,535,468,1780,0,1780,594,64,160,173,1386514,157248,224028,231583,142058,220934,192771,127.07324502,37.531520314,중분류,중식,4
20244,3110144,어린이대공원역 4번,커피-음료,11806085,7804874,4001211,3587194,4320612,8233713,1169938,769636,5229539,6576546,다이나믹,86,41,1994,995,999,993,359,135,1673,0,1673,29,1,4,6,388277,200813,67197,36162,37100,58169,51949,127.07191275,37.546171393,소분류,카페,58
20244,3110144,어린이대공원역 4번,한식음식점,334287497,244119353,90168144,9124979,149608303,82529127,81029419,44082199,170273752,113577078,다이나믹,86,41,1994,995,999,993,359,135,1673,0,1673,29,1,4,6,388277,200813,67197,36162,37100,58169,51949,127.07191275,37.546171393,중분류,한식,92
20244,3110141,건대입구역 1번,한식음식점,1249801339,890853349,358947990,80009777,457697541,297906475,283791326,139672277,621351835,443580898,다이나믹,104,45,2945,1489,1456,1132,596,300,2173,0,2173,74,7,9,21,1845461,799404,326338,211216,202778,337648,266907,127.06643316,37.543147246,중분류,한식,95
20244,3110141,건대입구역 1번,커피-음료,49843515,37421285,12422230,11904880,12557460,9074463,13509114,7442620,25030618,19734324,다이나믹,104,45,2945,1489,1456,1132,596,300,2173,0,2173,74,7,9,21,1845461,799404,326338,211216,202778,337648,266907,127.06643316,37.543147246,소분류,카페,34
20244,3110161,중곡역 3번,커피-음료,41483638,28860710,12622928,11642502,9780245,7367687,10062940,11082827,20525623,20485366,상권축소,109,45,4609,2269,2340,676,849,591,2471,0,2471,194,11,53,62,596624,82468,109203,86284,68542,102267,79643,127.08369453,37.56810291,소분류,카페,16
20244,3110161,중곡역 3번,한식음식점,743035996,561782993,181253003,63798475,264587341,49263180,112329255,148723285,374509098,267063656,상권축소,109,45,4609,2269,2340,676,849,591,2471,0,2471,194,11,53,62,596624,82468,109203,86284,68542,102267,79643,127.08369453,37.56810291,중분류,한식,46
20244,3110177,동의초등학교,한식음식점,146960797,86041961,60918836,18043165,68424063,13560878,49296739,24824268,84648594,58325893,다이나믹,94,49,1457,722,735,185,163,240,648,0,648,72,8,12,19,114376,13501,16439,19097,10885,16999,15300,127.09516365,37.552443912,중분류,한식,37
20244,3110168,대원고등학교,한식음식점,434942887,267124110,167818777,60678446,188694048,34328749,80856472,101271386,223508723,165109303,다이나믹,80,49,2486,1195,1291,398,394,318,1131,0,1131,418,72,104,111,446085,53594,65969,61732,59867,79113,53280,127.08772982,37.563261633,중분류,한식,13
20244,3110150,중곡1동 마을마당,한식음식점,738202523,558168354,180034169,50233697,329195743,88497785,183520657,108144892,418877798,211528652,상권축소,114,47,5501,2676,2825,901,1096,713,3123,0,3123,1119,302,217,228,1756661,345298,377969,272794,166435,257869,242250,127.07673766,37.561422247,중분류,한식,40
20244,3110150,중곡1동 마을마당,커피-음료,57680946,44830850,12850096,16245532,7291382,11951372,19195900,8039029,22666407,26067514,상권축소,114,47,5501,2676,2825,901,1096,713,3123,0,3123,1119,302,217,228,1756661,345298,377969,272794,166435,257869,242250,127.07673766,37.561422247,소분류,카페,13
20244,3110173,구남초등학교,커피-음료,240624263,171366300,69257963,65381543,43341477,34578317,61985052,38278434,80986061,133030175,다이나믹,101,52,1266,562,704,359,272,107,738,0,738,542,65,115,131,340037,45626,61206,51491,36648,46997,41198,127.0908992,37.535463438,소분류,카페,15
20244,3110173,구남초등학교,한식음식점,367070106,265449290,101620816,19901459,215943717,17364901,57761707,60004194,175804428,93175345,다이나믹,101,52,1266,562,704,359,272,107,738,0,738,542,65,115,131,340037,45626,61206,51491,36648,46997,41198,127.0908992,37.535463438,중분류,한식,16
20244,3110155,광진구청,커피-음료,132384860,101050284,31334576,37339027,21880945,44125928,29818618,18306786,44862762,69128923,다이나믹,98,49,4025,2020,2005,801,645,577,2147,0,2147,1480,102,207,402,1034700,323442,180864,141993,134151,155666,123087,127.07928229,37.53819283,소분류,카페,10
20244,3110155,광진구청,한식음식점,682701769,544848227,137853542,56470021,251229029,86720151,83759122,84101358,330673993,153524182,다이나믹,98,49,4025,2020,2005,801,645,577,2147,0,2147,1480,102,207,402,1034700,323442,180864,141993,134151,155666,123087,127.07928229,37.53819283,중분류,한식,38
20244,3110145,장안초등학교,커피-음료,28739406,19573008,9166398,11397602,8764138,15005659,5216786,2457802,9154262,18712601,다이나믹,58,40,546,266,280,134,87,68,334,0,334,9,0,2,3,305387,129673,48161,30989,33185,34943,34805,127.07277545,37.54893693,소분류,카페,37
20242,3110177,동의초등학교,한식음식점,145205341,92769304,52436037,15632229,62968425,12688824,42381033,21071977,79291411,58174958,다이나믹,91,50,1457,722,735,185,163,240,648,0,648,38,6,6,10,113527,13780,16761,18931,10854,17064,15329,127.09516365,37.552443912,중분류,한식,37
20242,3110139,자양4동주민센터,한식음식점,688550503,502407814,186142689,109021360,234292353,26069010,77414886,75648293,276169466,192971079,상권축소,121,49,4940,2475,2465,807,935,574,3063,0,3063,60,0,1,15,2098079,317373,361590,318353,227665,355963,288053,127.06347301,37.535120964,중분류,한식,45
20242,3110139,자양4동주민센터,중식음식점,44156589,26585477,17571112,6152079,9270379,4945665,10639036,7998409,31318246,12738543,상권축소,121,49,4940,2475,2465,807,935,574,3063,0,3063,60,0,1,15,2098079,317373,361590,318353,227665,355963,288053,127.06347301,37.535120964,중분류,중식,2
20242,3110167,용마초등학교,한식음식점,1027563771,750199601,277364170,83085285,486900943,52955242,170832299,205565676,660976961,254137955,상권축소,113,50,6587,3066,3521,993,1093,1011,3235,0,3235,445,54,90,122,1540689,219030,246104,241051,141803,214128,217497,127.08601463,37.557956025,중분류,한식,61
20242,3110167,용마초등학교,커피-음료,32795910,21460771,11335139,8388746,8325634,6892981,4558001,4264626,18891737,13398410,상권축소,113,50,6587,3066,3521,993,1093,1011,3235,0,3235,445,54,90,122,1540689,219030,246104,241051,141803,214128,217497,127.08601463,37.557956025,소분류,카페,22
20242,3110173,구남초등학교,커피-음료,328802934,245316673,83486261,81021172,66356429,39701354,75992328,54392707,91778927,207208668,다이나믹,97,51,1266,562,704,359,272,107,738,0,738,465,55,98,112,310863,43057,57136,47539,33635,45506,39843,127.0908992,37.535463438,소분류,카페,15
20242,3110173,구남초등학교,한식음식점,409911469,280666580,129244889,16081838,233885256,29870259,68718680,60338924,190737914,115664288,다이나믹,97,51,1266,562,704,359,272,107,738,0,738,465,55,98,112,310863,43057,57136,47539,33635,45506,39843,127.0908992,37.535463438,중분류,한식,16
20242,3110163,성자초등학교,커피-음료,126560854,85638967,40921887,33353836,25152837,17668486,37580480,32799725,61586524,64384824,상권축소,114,46,2799,1303,1496,384,457,445,1281,0,1281,578,82,128,156,534411,59641,86657,81571,60338,83661,69200,127.08436547,37.530692983,소분류,카페,18
20242,3110163,성자초등학교,한식음식점,730489422,470340685,260148737,44504794,368559078,42761194,105428935,125608054,476376556,217456941,상권축소,114,46,2799,1303,1496,384,457,445,1281,0,1281,578,82,128,156,534411,59641,86657,81571,60338,83661,69200,127.08436547,37.530692983,중분류,한식,41
20242,3110165,국립정신건강센터,한식음식점,1096700892,701396234,395304658,147743676,572979738,44257764,144366946,191629571,630317739,364199250,다이나믹,99,48,3952,1888,2064,602,675,490,1915,0,1915,235,29,47,64,783379,107454,140340,120449,70580,102590,107578,127.08573649,37.562145862,중분류,한식,54
20242,3110165,국립정신건강센터,커피-음료,110546443,79742771,30803672,26264303,26663273,24275376,26717304,25718426,47102545,59603924,다이나믹,99,48,3952,1888,2064,602,675,490,1915,0,1915,235,29,47,64,783379,107454,140340,120449,70580,102590,107578,127.08573649,37.562145862,소분류,카페,16
20242,3110166,구의1동주민센터,커피-음료,151813056,102862437,48950619,39716917,37094293,33841219,44153422,33737292,66151400,82904445,다이나믹,104,46,5804,2802,3002,1254,1269,772,3525,0,3525,438,59,118,125,1729566,389249,357292,248901,179875,259083,229747,127.0855199,37.540990587,소분류,카페,21
20242,3110166,구의1동주민센터,한식음식점,2555088130,1838976006,716112124,155030864,1023054900,312747946,613461331,455043652,1488921202,768583376,다이나믹,104,46,5804,2802,3002,1254,1269,772,3525,0,3525,438,59,118,125,1729566,389249,357292,248901,179875,259083,229747,127.0855199,37.540990587,중분류,한식,65
20242,3110175,푸른동산공원,커피-음료,4186345,3581991,604354,1383591,1353622,183482,368621,219016,1387843,2623947,다이나믹,88,48,4797,2216,2581,816,874,726,2501,0,2501,355,42,77,88,1018645,178029,177928,177607,120912,174217,128723,127.09116637,37.541166562,소분류,카페,23
20242,3110175,푸른동산공원,한식음식점,217935566,168690290,49245276,31690522,80097023,14547074,28369351,27009441,147863734,49144611,다이나믹,88,48,4797,2216,2581,816,874,726,2501,0,2501,355,42,77,88,1018645,178029,177928,177607,120912,174217,128723,127.09116637,37.541166562,중분류,한식,63
20242,3110150,중곡1동 마을마당,한식음식점,790669064,597264981,193404083,48448839,386318880,84786830,211492497,124873779,465838019,194454583,상권축소,110,46,5501,2676,2825,901,1096,713,3123,0,3123,1148,307,222,231,1830623,342503,385480,282864,171692,267395,254799,127.07673766,37.561422247,중분류,한식,40
20242,3110150,중곡1동 마을마당,커피-음료,81159301,61825474,19333827,21699368,11053102,13725079,29726385,11879315,32029709,39221323,상권축소,110,46,5501,2676,2825,901,1096,713,3123,0,3123,1148,307,222,231,1830623,342503,385480,282864,171692,267395,254799,127.07673766,37.561422247,소분류,카페,13
20242,3110140,건대입구역 6번,한식음식점,1063296346,767463399,295832947,76194880,545946382,147153568,211621623,145056812,526315300,354224478,다이나믹,88,46,5105,2554,2551,896,812,630,3146,0,3146,150,0,10,40,2400719,581071,404834,344682,267890,418660,326326,127.06570497,37.538597604,중분류,한식,73
20242,3110140,건대입구역 6번,중식음식점,3674078208,2229369252,1444708956,388493958,1687497444,1108068643,1034030677,569046200,1996949009,1363440420,다이나믹,88,46,5105,2554,2551,896,812,630,3146,0,3146,150,0,10,40,2400719,581071,404834,344682,267890,418660,326326,127.06570497,37.538597604,중분류,중식,80
20242,3110140,건대입구역 6번,커피-음료,55340416,31161569,24178847,18538314,20046188,9735303,9875174,6800609,32717647,22082214,다이나믹,88,46,5105,2554,2551,896,812,630,3146,0,3146,150,0,10,40,2400719,581071,404834,344682,267890,418660,326326,127.06570497,37.538597604,소분류,카페,40
20242,3110168,대원고등학교,한식음식점,498610723,283169539,215441184,69315802,228623787,42678295,102331479,114672413,268897834,193354830,다이나믹,74,48,2486,1195,1291,398,394,318,1131,0,1131,435,77,109,112,429350,48597,61001,59096,59180,76361,49523,127.08772982,37.563261633,중분류,한식,13
20242,3110156,군자역 5번,한식음식점,1364462354,918869744,445592610,155702186,633734106,105859471,274354065,187934168,702819391,406124266,다이나믹,88,51,5971,2753,3218,1193,1287,881,3496,0,3496,242,32,60,65,919824,213001,205913,133554,86593,126046,128250,127.08046442,37.55374327,중분류,한식,56
20242,3110156,군자역 5번,커피-음료,25350374,16564094,8786280,7010245,8712790,3927315,15740935,3033276,8392045,16337737,다이나믹,88,51,5971,2753,3218,1193,1287,881,3496,0,3496,242,32,60,65,919824,213001,205913,133554,86593,126046,128250,127.08046442,37.55374327,소분류,카페,24
20242,3110174,아차산역 1번,한식음식점,1404484985,782839947,621645038,224138629,617235824,126428446,256595588,229554861,880920847,493085290,다이나믹,103,51,4553,2161,2392,637,602,645,2065,0,2065,638,107,150,166,718249,88061,102098,114798,71668,112032,101276,127.0910366,37.555411448,중분류,한식,69
20242,3110174,아차산역 1번,커피-음료,124006552,68436200,55570352,46782937,16563098,12615328,26908149,15639137,44571664,76194837,다이나믹,103,51,4553,2161,2392,637,602,645,2065,0,2065,638,107,150,166,718249,88061,102098,114798,71668,112032,101276,127.0910366,37.555411448,소분류,카페,29
20242,3110174,아차산역 1번,중식음식점,18995763,13449153,5546610,3254237,8627119,250000,3364406,2889831,14877119,3300847,다이나믹,103,51,4553,2161,2392,637,602,645,2065,0,2065,638,107,150,166,718249,88061,102098,114798,71668,112032,101276,127.0910366,37.555411448,중분류,중식,4
20242,3110160,광진경찰서,한식음식점,52171112,32367527,19803585,0,34089579,4489163,15966172,14236646,30975584,18041363,상권확장,93,58,1720,793,927,297,334,287,951,0,951,312,44,78,88,490894,84585,88018,78024,49084,67207,61572,127.08339573,37.543758174,중분류,한식,36
20242,3110172,광진초등학교,한식음식점,306344981,235438996,70905985,34274814,67630926,11438044,22917873,58603211,113938274,77226518,상권확장,87,58,3784,1841,1943,504,561,595,1804,0,1804,503,71,87,132,1029785,134434,163719,178403,111263,164971,143279,127.08953275,37.547087376,중분류,한식,36
20242,3110162,군자역 4번,커피-음료,47275474,30498014,16777460,16443317,12993981,13258855,16196829,6750920,16797465,29823262,다이나믹,78,45,3566,1667,1899,548,654,540,1689,0,1689,159,19,32,41,354318,52578,62542,60358,32307,51680,52731,127.0827892,37.55806645,소분류,카페,29
20242,3110162,군자역 4번,한식음식점,209761823,144386461,65375362,24247430,101316575,20189716,54794053,32315685,117094941,70063877,다이나믹,78,45,3566,1667,1899,548,654,540,1689,0,1689,159,19,32,41,354318,52578,62542,60358,32307,51680,52731,127.0827892,37.55806645,중분류,한식,45
20242,3110142,화양사거리,커피-음료,53605418,39668393,13937025,13476258,17533085,19129651,17626947,8052672,29765150,22100798,다이나믹,95,43,6384,3019,3365,3103,1377,519,5167,0,5167,54,4,4,16,1864813,813981,331056,195924,171151,255870,249825,127.06821256,37.546299728,소분류,카페,38
20242,3110142,화양사거리,중식음식점,129397066,113064714,16332352,10787706,46878264,26757065,31890355,15269730,56883849,39731432,다이나믹,95,43,6384,3019,3365,3103,1377,519,5167,0,5167,54,4,4,16,1864813,813981,331056,195924,171151,255870,249825,127.06821256,37.546299728,중분류,중식,6
20242,3110142,화양사거리,한식음식점,1886207076,1399479619,486727457,161055031,811287137,374061995,420107178,246521015,1010830030,541860543,다이나믹,95,43,6384,3019,3365,3103,1377,519,5167,0,5167,54,4,4,16,1864813,813981,331056,195924,171151,255870,249825,127.06821256,37.546299728,중분류,한식,93
20242,3110157,자양동우체국,한식음식점,733242661,465485062,267757599,89155548,320898839,53160092,116686061,176769549,426868222,211635671,다이나믹,105,50,5379,2675,2704,742,830,871,2587,0,2587,390,54,88,104,1371032,162428,229903,241332,134281,204640,190414,127.08072174,37.529992748,중분류,한식,39
20242,3110157,자양동우체국,커피-음료,95866532,65134378,30732154,24128571,16346714,9508792,27857903,26935008,40325534,52890247,다이나믹,105,50,5379,2675,2704,742,830,871,2587,0,2587,390,54,88,104,1371032,162428,229903,241332,134281,204640,190414,127.08072174,37.529992748,소분류,카페,19
20242,3110180,광진정보도서관,한식음식점,1591677373,1105240341,486437032,125790729,766235624,74688817,193651956,269581928,750510540,362750248,상권확장,104,54,1207,586,621,152,180,186,591,0,591,3745,1164,986,728,246695,32289,39413,44778,35280,45487,27307,127.10877284,37.548999357,중분류,한식,30
20242,3110180,광진정보도서관,커피-음료,269800443,182079335,87721108,81477708,41010577,57893443,62229755,50036505,110607627,144657876,상권확장,104,54,1207,586,621,152,180,186,591,0,591,3745,1164,986,728,246695,32289,39413,44778,35280,45487,27307,127.10877284,37.548999357,소분류,카페,16
20242,3110148,어린이대공원역 3번,한식음식점,1117779357,945656235,172123122,108207534,473522240,336663918,115420577,88087012,489666983,276749870,상권확장,76,55,1588,808,780,628,283,133,1155,0,1155,17,1,2,6,753670,323172,122088,77846,90555,121203,98844,127.07551037,37.545331218,중분류,한식,58
20242,3110148,어린이대공원역 3번,중식음식점,319985187,279787045,40198142,40502480,115273317,130582095,30150192,17285337,178164007,60740430,상권확장,76,55,1588,808,780,628,283,133,1155,0,1155,17,1,2,6,753670,323172,122088,77846,90555,121203,98844,127.07551037,37.545331218,중분류,중식,9
20242,3110148,어린이대공원역 3번,커피-음료,141264029,116222955,25041074,28188527,18647326,69010626,20071445,14666381,66126365,64612886,상권확장,76,55,1588,808,780,628,283,133,1155,0,1155,17,1,2,6,753670,323172,122088,77846,90555,121203,98844,127.07551037,37.545331218,소분류,카페,33
20242,3110178,장로회신학대학교,커피-음료,63197214,52048401,11148813,18521682,5812308,4786657,16206501,14625614,21245963,40021406,다이나믹,84,51,1055,521,534,141,148,143,511,0,511,299,93,81,59,357774,52658,48853,64125,42530,55566,43034,127.10341885,37.548013069,소분류,카페,20
20242,3110178,장로회신학대학교,한식음식점,424976163,260878107,164098056,80396144,146716278,33440933,82732355,86003139,214414566,156986792,다이나믹,84,51,1055,521,534,141,148,143,511,0,511,299,93,81,59,357774,52658,48853,64125,42530,55566,43034,127.10341885,37.548013069,중분류,한식,33
20242,3110154,광진정말공원,커피-음료,119474831,76299170,43175661,31944110,37811424,15378522,24324979,40107239,64027825,55447006,정체,111,53,4109,1972,2137,596,621,607,2155,0,2155,890,54,127,247,1701042,244735,286867,274100,175501,267632,235575,127.0789714,37.533075355,소분류,카페,22
20242,3110154,광진정말공원,한식음식점,1842717366,1200494669,642222697,204579882,718850367,216265366,406063816,337516932,1101775934,649458418,정체,111,53,4109,1972,2137,596,621,607,2155,0,2155,890,54,127,247,1701042,244735,286867,274100,175501,267632,235575,127.0789714,37.533075355,중분류,한식,98
20242,3110146,신자초등학교,중식음식점,67756460,39976384,27780076,13696573,26442238,3351469,10549350,18356719,40638837,21576725,정체,110,57,3483,1769,1714,503,535,468,1780,0,1780,686,76,183,196,1459922,167397,230621,242437,149177,232426,203075,127.07324502,37.531520314,중분류,중식,4
20242,3110146,신자초등학교,커피-음료,36416641,21103354,15313287,10934741,9004096,5141256,12103507,8697744,14235933,19382526,정체,110,57,3483,1769,1714,503,535,468,1780,0,1780,686,76,183,196,1459922,167397,230621,242437,149177,232426,203075,127.07324502,37.531520314,소분류,카페,16
20242,3110146,신자초등학교,한식음식점,1335195040,913013880,422181160,141187450,616632667,78259869,208843054,227661492,773275279,372169189,정체,110,57,3483,1769,1714,503,535,468,1780,0,1780,686,76,183,196,1459922,167397,230621,242437,149177,232426,203075,127.07324502,37.531520314,중분류,한식,32
20242,3110155,광진구청,한식음식점,639303423,501066834,138236589,58367129,234304874,89039359,95795396,84057860,344549088,136823499,다이나믹,95,50,4025,2020,2005,801,645,577,2147,0,2147,1004,69,141,273,1071642,336323,177128,136338,137910,156069,126140,127.07928229,37.53819283,중분류,한식,38
20242,3110155,광진구청,커피-음료,112695184,87268086,25427098,33429343,16869802,28019876,30301598,15690636,39135743,52572847,다이나믹,95,50,4025,2020,2005,801,645,577,2147,0,2147,1004,69,141,273,1071642,336323,177128,136338,137910,156069,126140,127.07928229,37.53819283,소분류,카페,10
20242,3110169,성동초등학교,커피-음료,81069692,61358299,19711393,20551570,25096123,16048283,17699386,22131279,43113814,36853918,상권축소,123,50,2412,1183,1229,426,609,291,1355,0,1355,687,87,148,174,589675,93938,108891,85851,70236,94874,74141,127.08810116,37.532573347,소분류,카페,6
20242,3110169,성동초등학교,한식음식점,248417001,200879317,47537684,31418591,85607297,12851690,31767964,37602348,120651186,79205348,상권축소,123,50,2412,1183,1229,426,609,291,1355,0,1355,687,87,148,174,589675,93938,108891,85851,70236,94874,74141,127.08810116,37.532573347,중분류,한식,14
20242,3110176,해오름공원,커피-음료,126473329,78998727,47474602,28253500,36677978,12902188,29344172,25147803,76775952,49697377,상권축소,110,48,5677,2812,2865,795,799,681,2891,0,2891,872,151,214,228,1292884,161097,193442,180492,128973,202000,181097,127.09214866,37.557816248,소분류,카페,13
20242,3110176,해오름공원,한식음식점,599004275,389763486,209240789,96135023,276215896,24778158,70000179,82726569,368819741,196766974,상권축소,110,48,5677,2812,2865,795,799,681,2891,0,2891,872,151,214,228,1292884,161097,193442,180492,128973,202000,181097,127.09214866,37.557816248,중분류,한식,27
20242,3110141,건대입구역 1번,커피-음료,36924294,28472631,8451663,8259923,11026231,5905520,13198048,5214114,23050314,11252957,다이나믹,98,45,2945,1489,1456,1132,596,300,2173,0,2173,67,7,10,17,1800501,768133,313149,203041,192683,328138,265388,127.06643316,37.543147246,소분류,카페,34
20242,3110141,건대입구역 1번,한식음식점,1493313073,1008119083,485193990,99044022,506937713,400477630,404868983,191335423,786920721,528664720,다이나믹,98,45,2945,1489,1456,1132,596,300,2173,0,2173,67,7,10,17,1800501,768133,313149,203041,192683,328138,265388,127.06643316,37.543147246,중분류,한식,95
20242,3110152,중곡어린이공원,한식음식점,995442349,703806121,291636228,99723912,288740352,70474718,155668700,185455703,551355516,351326484,상권축소,112,50,1998,1005,993,266,335,289,1031,0,1031,193,51,37,39,224348,28158,39491,35206,18058,26403,30494,127.0780655,37.564881202,중분류,한식,51
20242,3110152,중곡어린이공원,커피-음료,6717944,5623619,1094325,1215917,5502027,0,0,0,6717944,0,상권축소,112,50,1998,1005,993,266,335,289,1031,0,1031,193,51,37,39,224348,28158,39491,35206,18058,26403,30494,127.0780655,37.564881202,소분류,카페,16
20242,3110144,어린이대공원역 4번,한식음식점,316941448,232551752,84389696,10627011,147961605,75234736,68850189,41086445,162339029,103428318,다이나믹,81,41,1994,995,999,993,359,135,1673,0,1673,28,3,4,7,374984,194882,64566,32574,35362,56775,50748,127.07191275,37.546171393,중분류,한식,92
20242,3110144,어린이대공원역 4번,커피-음료,9119130,5407359,3711771,1810991,2793468,5653540,991001,164788,2555454,6563676,다이나믹,81,41,1994,995,999,993,359,135,1673,0,1673,28,3,4,7,374984,194882,64566,32574,35362,56775,50748,127.07191275,37.546171393,소분류,카페,58
20242,3110143,뚝섬유원지역 1번,한식음식점,471382129,314428613,156953516,36074888,257809520,34066530,67410267,75281216,224093922,177859210,상권확장,105,57,100,49,51,12,13,8,46,0,46,42,5,12,11,178552,21601,26207,29820,21860,32581,23901,127.06858592,37.533874724,중분류,한식,45
20242,3110179,광나루역 1번,한식음식점,2718856545,1974858986,743997559,380563606,1081102307,243023081,366294622,492729518,1433646665,929316871,상권확장,96,56,998,501,497,113,139,184,533,0,533,908,285,241,175,398207,56353,53406,71674,46038,56083,48146,127.10322387,37.546130153,중분류,한식,29
20242,3110179,광나루역 1번,커피-음료,1472476083,1316821912,155654171,319547391,129859178,333946611,153665420,228961173,629084062,724383651,상권확장,96,56,998,501,497,113,139,184,533,0,533,908,285,241,175,398207,56353,53406,71674,46038,56083,48146,127.10322387,37.546130153,소분류,카페,24
20241,3110156,군자역 5번,한식음식점,1153553348,838402871,315150477,129393235,579591486,57488950,180884656,157112891,578494747,290238215,다이나믹,87,51,5971,2753,3218,1193,1287,881,3496,0,3496,242,32,60,65,937229,206013,215779,139882,87768,126078,128813,127.08046442,37.55374327,중분류,한식,56
20241,3110156,군자역 5번,커피-음료,26269014,18503452,7765562,7565512,5450598,4618828,16900926,3243340,13327198,12941816,다이나믹,87,51,5971,2753,3218,1193,1287,881,3496,0,3496,242,32,60,65,937229,206013,215779,139882,87768,126078,128813,127.08046442,37.55374327,소분류,카페,24
20241,3110143,뚝섬유원지역 1번,한식음식점,276895832,185762852,91132980,16543905,160400443,15367031,53261884,35697505,143169483,84631180,상권확장,103,56,100,49,51,12,13,8,46,0,46,42,5,12,11,184286,22673,27387,30646,23107,33232,24229,127.06858592,37.533874724,중분류,한식,45
20241,3110139,자양4동주민센터,중식음식점,54633215,39762919,14870296,5962135,17163829,1150218,4518839,8316047,31812375,15413018,상권축소,118,49,4940,2475,2465,807,935,574,3063,0,3063,60,0,1,15,2105307,308527,362173,325510,219689,353754,285032,127.06347301,37.535120964,중분류,중식,2
20241,3110139,자양4동주민센터,한식음식점,710693217,574928648,135764569,182765955,209871917,19017706,60310116,71290772,273432373,197143331,상권축소,118,49,4940,2475,2465,807,935,574,3063,0,3063,60,0,1,15,2105307,308527,362173,325510,219689,353754,285032,127.06347301,37.535120964,중분류,한식,45
20241,3110180,광진정보도서관,한식음식점,1285216425,909562582,375653843,106631700,638401584,55928369,161128394,243782090,623887344,338416032,상권확장,102,54,1207,586,621,152,180,186,591,0,591,3745,1164,986,728,230681,31123,35082,43189,34267,41951,24197,127.10877284,37.548999357,중분류,한식,30
20241,3110180,광진정보도서관,커피-음료,247488288,178106834,69381454,75359733,38549248,50622295,51573379,43784891,99961934,128441993,상권확장,102,54,1207,586,621,152,180,186,591,0,591,3745,1164,986,728,230681,31123,35082,43189,34267,41951,24197,127.10877284,37.548999357,소분류,카페,16
20241,3110148,어린이대공원역 3번,한식음식점,870725584,746982705,123742879,91651713,296947437,210128696,124480631,67534779,340256013,193409983,상권확장,76,56,1588,808,780,628,283,133,1155,0,1155,17,1,2,6,629802,255744,106607,69963,73635,100157,83351,127.07551037,37.545331218,중분류,한식,58
20241,3110148,어린이대공원역 3번,커피-음료,85980613,68688072,17292541,17062452,7190428,34956605,13636042,10711426,42315909,33819168,상권확장,76,56,1588,808,780,628,283,133,1155,0,1155,17,1,2,6,629802,255744,106607,69963,73635,100157,83351,127.07551037,37.545331218,소분류,카페,33
20241,3110148,어린이대공원역 3번,중식음식점,274939480,231845059,43094421,37560843,85668590,98857128,34948750,16122609,146301543,56171346,상권확장,76,56,1588,808,780,628,283,133,1155,0,1155,17,1,2,6,629802,255744,106607,69963,73635,100157,83351,127.07551037,37.545331218,중분류,중식,9
20241,3110162,군자역 4번,한식음식점,197613360,140059563,57553797,21735108,87176583,16669221,44217420,30703901,106189770,67644718,다이나믹,78,44,3566,1667,1899,548,654,540,1689,0,1689,159,19,32,41,411205,59318,73733,68533,37747,57033,56746,127.0827892,37.55806645,중분류,한식,45
20241,3110162,군자역 4번,커피-음료,19297042,12716963,6580079,6982869,2822506,3356940,5837706,2795419,8927418,8781623,다이나믹,78,44,3566,1667,1899,548,654,540,1689,0,1689,159,19,32,41,411205,59318,73733,68533,37747,57033,56746,127.0827892,37.55806645,소분류,카페,29
20241,3110170,동대부여고,중식음식점,79969854,59765322,20204532,11244455,32989267,4756499,10107703,16026711,40018126,22139185,다이나믹,95,44,6050,2945,3105,1204,1223,793,3480,0,3480,313,40,84,93,2357674,428594,445988,369618,202734,309681,316557,127.08864379,37.541763142,중분류,중식,3
20241,3110170,동대부여고,한식음식점,1004807503,709984832,294822671,77532290,482909888,165663671,287265665,164053611,557429507,349912196,다이나믹,95,44,6050,2945,3105,1204,1223,793,3480,0,3480,313,40,84,93,2357674,428594,445988,369618,202734,309681,316557,127.08864379,37.541763142,중분류,한식,41
20241,3110170,동대부여고,커피-음료,111430768,67834129,43596639,26776358,27122742,15794945,37770291,28593087,64714176,46716592,다이나믹,95,44,6050,2945,3105,1204,1223,793,3480,0,3480,313,40,84,93,2357674,428594,445988,369618,202734,309681,316557,127.08864379,37.541763142,소분류,카페,15
20241,3110141,건대입구역 1번,커피-음료,33957625,26250980,7706645,8730682,8739975,5737513,9817921,3952657,20039533,10719460,다이나믹,96,45,2945,1489,1456,1132,596,300,2173,0,2173,67,7,10,17,1801511,752167,309541,203246,201328,340398,261421,127.06643316,37.543147246,소분류,카페,34
20241,3110141,건대입구역 1번,한식음식점,1511872714,1061330756,450541958,98646800,526532008,412128800,382082216,177167127,771695874,527534968,다이나믹,96,45,2945,1489,1456,1132,596,300,2173,0,2173,67,7,10,17,1801511,752167,309541,203246,201328,340398,261421,127.06643316,37.543147246,중분류,한식,95
20241,3110169,성동초등학교,커피-음료,71210524,50856252,20354272,18402190,14377729,12053936,20233062,16101701,39872540,31337984,상권축소,120,50,2412,1183,1229,426,609,291,1355,0,1355,687,87,148,174,635359,100852,116707,91279,74989,101609,78183,127.08810116,37.532573347,소분류,카페,6
20241,3110169,성동초등학교,한식음식점,249217211,198701933,50515278,31869383,85437323,8667168,26878925,32325096,112739350,71357485,상권축소,120,50,2412,1183,1229,426,609,291,1355,0,1355,687,87,148,174,635359,100852,116707,91279,74989,101609,78183,127.08810116,37.532573347,중분류,한식,14
20241,3110172,광진초등학교,한식음식점,208741687,153375985,55365702,20182900,70670199,7660570,30160386,36281943,85725608,86213003,상권확장,83,58,3784,1841,1943,504,561,595,1804,0,1804,503,71,87,132,1020315,130947,160577,175126,108445,158942,140243,127.08953275,37.547087376,중분류,한식,36
20241,3110165,국립정신건강센터,커피-음료,104548864,77709693,26839171,33357277,22622152,19403740,24137434,23392604,42199644,53080355,다이나믹,97,48,3952,1888,2064,602,675,490,1915,0,1915,235,29,47,64,787063,101197,139824,123131,69338,104820,111049,127.08573649,37.562145862,소분류,카페,16
20241,3110165,국립정신건강센터,한식음식점,890016966,590928964,299088002,140197198,433226608,37691322,108393822,117856047,538421149,275485838,다이나믹,97,48,3952,1888,2064,602,675,490,1915,0,1915,235,29,47,64,787063,101197,139824,123131,69338,104820,111049,127.08573649,37.562145862,중분류,한식,54
20241,3110147,능동우편취급국,중식음식점,31458149,24383459,7074690,3295145,9219003,1203283,3764117,3890617,12690012,6861801,다이나믹,98,50,6012,3054,2958,1248,1088,793,3522,0,3522,103,9,21,25,993776,250887,176126,140434,101616,148084,134119,127.07377843,37.556180331,중분류,중식,7
20241,3110147,능동우편취급국,커피-음료,41911318,30579339,11331979,11470222,9230706,11409510,13921557,5997988,24407702,17295816,다이나믹,98,50,6012,3054,2958,1248,1088,793,3522,0,3522,103,9,21,25,993776,250887,176126,140434,101616,148084,134119,127.07377843,37.556180331,소분류,카페,17
20241,3110147,능동우편취급국,한식음식점,1834810214,1241523340,593286874,236794147,676213045,176817278,322788936,354553561,1045978882,465544702,다이나믹,98,50,6012,3054,2958,1248,1088,793,3522,0,3522,103,9,21,25,993776,250887,176126,140434,101616,148084,134119,127.07377843,37.556180331,중분류,한식,58
20241,3110157,자양동우체국,한식음식점,587902551,392206901,195695650,64207072,314914512,48392317,110820410,156823603,358717108,184912196,상권축소,103,50,5379,2675,2704,742,830,871,2587,0,2587,390,54,88,104,1529371,190794,251959,262368,152320,230880,208586,127.08072174,37.529992748,중분류,한식,39
20241,3110157,자양동우체국,커피-음료,71293492,49244669,22048823,19114153,11252346,8158789,18413777,19675159,30911636,37068313,상권축소,103,50,5379,2675,2704,742,830,871,2587,0,2587,390,54,88,104,1529371,190794,251959,262368,152320,230880,208586,127.08072174,37.529992748,소분류,카페,19
20241,3110159,구의역 4번,중식음식점,91501429,62369868,29131561,955313,43043994,15235241,32066344,15868213,56928550,34572879,다이나믹,103,50,8475,4089,4386,1528,1521,1102,4831,0,4831,1833,117,259,500,3635654,627860,642239,563888,415352,609603,480773,127.08085155,37.534966185,중분류,중식,9
20241,3110159,구의역 4번,커피-음료,116129370,76208229,39921141,32517759,24705147,21084448,33520755,20060045,49465363,56315958,다이나믹,103,50,8475,4089,4386,1528,1521,1102,4831,0,4831,1833,117,259,500,3635654,627860,642239,563888,415352,609603,480773,127.08085155,37.534966185,소분류,카페,20
20241,3110159,구의역 4번,한식음식점,1448941869,1028478236,420463633,125515938,644461348,142215763,266074737,280355071,744688013,475105423,다이나믹,103,50,8475,4089,4386,1528,1521,1102,4831,0,4831,1833,117,259,500,3635654,627860,642239,563888,415352,609603,480773,127.08085155,37.534966185,중분류,한식,78
20241,3110168,대원고등학교,한식음식점,515858294,309236231,206622063,83365234,221704154,42250975,101623428,124789598,289944777,183726549,다이나믹,74,46,2486,1195,1291,398,394,318,1131,0,1131,435,77,109,112,437195,49260,67535,65854,54254,74882,53151,127.08772982,37.563261633,중분류,한식,13
20241,3110177,동의초등학교,한식음식점,146450552,94739386,51711166,24252097,70548480,12551222,35407969,31414750,96870427,45344323,다이나믹,95,50,1457,722,735,185,163,240,648,0,648,38,6,6,10,122751,13947,17335,20824,12022,17822,16162,127.09516365,37.552443912,중분류,한식,37
20241,3110142,화양사거리,커피-음료,58155171,42272237,15882934,13869990,19097823,21543684,15002766,6702468,28304992,26022089,다이나믹,93,44,6384,3019,3365,3103,1377,519,5167,0,5167,54,4,4,16,1971411,804914,362883,219509,197298,284778,260659,127.06821256,37.546299728,소분류,카페,38
20241,3110142,화양사거리,중식음식점,132215245,108734672,23480573,16984731,48040997,29570108,33604621,22127378,65453576,42494097,다이나믹,93,44,6384,3019,3365,3103,1377,519,5167,0,5167,54,4,4,16,1971411,804914,362883,219509,197298,284778,260659,127.06821256,37.546299728,중분류,중식,6
20241,3110142,화양사거리,한식음식점,1800292155,1366740885,433551270,160700821,820299283,335152096,376120343,250225512,925205146,484106693,다이나믹,93,44,6384,3019,3365,3103,1377,519,5167,0,5167,54,4,4,16,1971411,804914,362883,219509,197298,284778,260659,127.06821256,37.546299728,중분류,한식,93
20241,3110163,성자초등학교,한식음식점,725799527,473800858,251998669,55804142,354973022,60884393,131512245,164611256,422754244,251790432,상권축소,112,46,2799,1303,1496,384,457,445,1281,0,1281,578,82,128,156,582881,67050,94330,91356,64480,91867,75096,127.08436547,37.530692983,중분류,한식,41
20241,3110163,성자초등학교,커피-음료,97506693,64848763,32657930,26116864,21294062,16350783,31710520,22522365,54320466,43186227,상권축소,112,46,2799,1303,1496,384,457,445,1281,0,1281,578,82,128,156,582881,67050,94330,91356,64480,91867,75096,127.08436547,37.530692983,소분류,카페,18
20241,3110178,장로회신학대학교,한식음식점,233316990,137090405,96226585,50790145,79063438,14100793,41700708,35418995,130748164,72803407,상권확장,80,52,1055,521,534,141,148,143,511,0,511,299,93,81,59,345090,49593,48932,61799,40723,53389,41562,127.10341885,37.548013069,중분류,한식,33
20241,3110178,장로회신학대학교,커피-음료,53320221,42963095,10357126,14508653,6802187,3417697,11548547,13507829,21497858,30103963,상권확장,80,52,1055,521,534,141,148,143,511,0,511,299,93,81,59,345090,49593,48932,61799,40723,53389,41562,127.10341885,37.548013069,소분류,카페,20
20241,3110173,구남초등학교,커피-음료,280560826,201662607,78898219,72334608,69001941,40039875,67840197,39679776,92873852,160064462,다이나믹,96,51,1266,562,704,359,272,107,738,0,738,465,55,98,112,308943,43174,54788,46221,33000,44638,38819,127.0908992,37.535463438,소분류,카페,15
20241,3110173,구남초등학교,한식음식점,437012708,266165574,170847134,29800437,248183784,23911650,77688218,88464889,231406610,110170605,다이나믹,96,51,1266,562,704,359,272,107,738,0,738,465,55,98,112,308943,43174,54788,46221,33000,44638,38819,127.0908992,37.535463438,중분류,한식,16
20241,3110155,광진구청,커피-음료,100668246,73786020,26882226,25723443,15975013,25796219,29544227,12735013,36005463,49557680,다이나믹,97,47,4025,2020,2005,801,645,577,2147,0,2147,1004,69,141,273,1031052,307917,185899,140667,130375,151997,119491,127.07928229,37.53819283,소분류,카페,10
20241,3110155,광진구청,한식음식점,632183174,500491983,131691191,66343748,233083362,81361753,102746024,87997821,340182145,144468315,다이나믹,97,47,4025,2020,2005,801,645,577,2147,0,2147,1004,69,141,273,1031052,307917,185899,140667,130375,151997,119491,127.07928229,37.53819283,중분류,한식,38
20241,3110174,아차산역 1번,중식음식점,17097458,11067797,6029661,3716101,6449154,311501,2604702,2087529,13648558,3046357,다이나믹,102,51,4553,2161,2392,637,602,645,2065,0,2065,638,107,150,166,825194,96233,112261,129082,88386,136430,114571,127.0910366,37.555411448,중분류,중식,4
20241,3110174,아차산역 1번,커피-음료,111012503,55939893,55072610,47589219,19128597,10549056,26718989,12414034,47057153,63511366,다이나믹,102,51,4553,2161,2392,637,602,645,2065,0,2065,638,107,150,166,825194,96233,112261,129082,88386,136430,114571,127.0910366,37.555411448,소분류,카페,29
20241,3110174,아차산역 1번,한식음식점,1312230949,737575874,574655075,219042160,589880040,106235301,236714713,200985841,838682029,426272814,다이나믹,102,51,4553,2161,2392,637,602,645,2065,0,2065,638,107,150,166,825194,96233,112261,129082,88386,136430,114571,127.0910366,37.555411448,중분류,한식,69
20241,3110175,푸른동산공원,한식음식점,176861748,141624340,35237408,28245191,52058883,11423362,31365658,31600972,119571678,42292477,다이나믹,85,48,4797,2216,2581,816,874,726,2501,0,2501,355,42,77,88,1074895,179675,179374,184950,126157,179064,135154,127.09116637,37.541166562,중분류,한식,63
20241,3110175,푸른동산공원,커피-음료,5860752,4996212,864540,2041959,2130884,126523,317625,242674,2412700,3317960,다이나믹,85,48,4797,2216,2581,816,874,726,2501,0,2501,355,42,77,88,1074895,179675,179374,184950,126157,179064,135154,127.09116637,37.541166562,소분류,카페,23
20241,3110158,중곡3동주민센터,커피-음료,93422509,66360934,27061575,25778353,17438587,16915088,29726199,17884584,44048443,49374066,상권축소,109,48,6201,3109,3092,945,965,816,3564,0,3564,359,26,90,112,2921687,390341,512406,418349,282450,442619,413346,127.08097859,37.568726491,소분류,카페,10
20241,3110158,중곡3동주민센터,한식음식점,963473991,698025326,265448665,85567402,421380793,63659304,158323336,166382771,573573704,295295057,상권축소,109,48,6201,3109,3092,945,965,816,3564,0,3564,359,26,90,112,2921687,390341,512406,418349,282450,442619,413346,127.08097859,37.568726491,중분류,한식,47
20241,3110150,중곡1동 마을마당,커피-음료,51454554,39058102,12396452,15281492,7215665,9199210,18102692,7561987,18286664,25989369,상권축소,108,46,5501,2676,2825,901,1096,713,3123,0,3123,1148,307,222,231,1850301,339759,381008,290030,178351,271175,252800,127.07673766,37.561422247,소분류,카페,13
20241,3110150,중곡1동 마을마당,한식음식점,769921809,570783022,199138787,51244960,375023323,68534707,213643874,157785532,445801218,224306797,상권축소,108,46,5501,2676,2825,901,1096,713,3123,0,3123,1148,307,222,231,1850301,339759,381008,290030,178351,271175,252800,127.07673766,37.561422247,중분류,한식,40
20241,3110152,중곡어린이공원,한식음식점,971203057,678436606,292766451,89801685,281855713,61995523,172317278,188204490,579059371,307576693,상권축소,107,50,1998,1005,993,266,335,289,1031,0,1031,193,51,37,39,257609,32773,45434,39586,22041,31637,34842,127.0780655,37.564881202,중분류,한식,51
20241,3110152,중곡어린이공원,커피-음료,4711680,91194,4620486,1884672,2827008,0,0,0,4711680,0,상권축소,107,50,1998,1005,993,266,335,289,1031,0,1031,193,51,37,39,257609,32773,45434,39586,22041,31637,34842,127.0780655,37.564881202,소분류,카페,16
20241,3110144,어린이대공원역 4번,커피-음료,5963491,3859477,2104014,1887448,2241159,2796145,600191,57343,1908665,4054826,다이나믹,80,40,1994,995,999,993,359,135,1673,0,1673,28,3,4,7,388385,188922,69160,36068,37349,58969,51404,127.07191275,37.546171393,소분류,카페,58
20241,3110144,어린이대공원역 4번,한식음식점,268785991,202179916,66606075,11029869,116094605,64075668,65755053,31594362,139540118,83610874,다이나믹,80,40,1994,995,999,993,359,135,1673,0,1673,28,3,4,7,388385,188922,69160,36068,37349,58969,51404,127.07191275,37.546171393,중분류,한식,92
